epoch,train_loss,val_loss,train_f1,val_f1,val_acc,learning_rate,epoch_time
1,0.06506939679931778,0.02231457182027113,0.9934846856528748,0.9982836635980652,0.9965732087227415,0.001,23.574774503707886
2,0.027756319589463015,0.022208211692766502,0.9979941160738165,0.9982836635980652,0.9965732087227415,0.001,33.03810477256775
3,0.027207468984593336,0.02240688109304756,0.9979941160738165,0.9982836635980652,0.9965732087227415,0.001,31.395376682281494
4,0.02689613727852702,0.02212369653324668,0.9979941160738165,0.9982836635980652,0.9965732087227415,0.001,23.359756469726562
5,0.02737377074515542,0.022478358721575484,0.9979941160738165,0.9982836635980652,0.9965732087227415,0.001,28.473860025405884
6,0.02699419326579072,0.022258520135297798,0.9979941160738165,0.9982836635980652,0.9965732087227415,0.001,62.12292218208313
7,0.027497794000644993,0.02283696476996948,0.9979941160738165,0.9982836635980652,0.9965732087227415,0.001,32.94471883773804
8,0.02674189137523773,0.022649023905754663,0.9979941160738165,0.9982836635980652,0.9965732087227415,0.0005,34.655112504959106
9,0.026012151827641085,0.022650457533577886,0.9979941160738165,0.9982836635980652,0.9965732087227415,0.0005,37.654309034347534
