simulation_step,sequence_id,scenario,predicted_probability,predicted_state,risk_score,true_scenario
0,3600,NORMAL,0.00043145663,NORMAL,0.000302019641,NORMAL
1,3601,NORMAL,0.00036265646,NORMAL,0.0003444654143,NORMAL
2,3602,NORMAL,0.0004980353,NORMAL,0.00045196433428999994,NORMAL
3,3603,NORMAL,0.00034978238,NORMAL,0.0003804369662869999,NORMAL
4,3604,NORMAL,0.0003576879,NORMAL,0.00036451261988609997,NORMAL
5,3605,NORMAL,0.00035810363,NORMAL,0.00036002632696582995,NORMAL
6,3606,NORMAL,0.00038476076,NORMAL,0.00037734043008974896,NORMAL
7,3607,NORMAL,0.0003726485,NORMAL,0.00037405607902692465,NORMAL
8,3608,NORMAL,0.00036378976,NORMAL,0.0003668696557080774,NORMAL
9,3609,NORMAL,0.00034706658,NORMAL,0.0003530075027124232,NORMAL
10,3610,NORMAL,0.00044485528,NORMAL,0.00041730094681372693,NORMAL
11,3611,NORMAL,0.00043150128,NORMAL,0.00042724118004411804,NORMAL
12,3612,NORMAL,0.00036275847,NORMAL,0.0003821032830132354,NORMAL
13,3613,NORMAL,0.0003452759,NORMAL,0.0003563241149039706,NORMAL
14,3614,NORMAL,0.00036666365,NORMAL,0.00036356178947119115,NORMAL
15,3615,NORMAL,0.00036706688,NORMAL,0.0003660153528413573,NORMAL
16,3616,NORMAL,0.00035797188,NORMAL,0.0003603849218524072,NORMAL
17,3617,NORMAL,0.00048736375,NORMAL,0.00044927010155572215,NORMAL
18,3618,NORMAL,0.000368141,NORMAL,0.00039247973046671657,NORMAL
19,3619,NORMAL,0.0003858526,NORMAL,0.00038784073914001495,NORMAL
20,3620,NORMAL,0.00042444761,NORMAL,0.0004134655487420045,NORMAL
21,3621,NORMAL,0.00040015497,NORMAL,0.00040414814362260134,NORMAL
22,3622,NORMAL,0.00038062804,NORMAL,0.00038768407108678035,NORMAL
23,3623,NORMAL,0.00047168715,NORMAL,0.00044648622632603404,NORMAL
24,3624,NORMAL,0.00041941172,NORMAL,0.0004275340718978102,NORMAL
25,3625,NORMAL,0.00035337792,NORMAL,0.000375624765569343,NORMAL
26,3626,NORMAL,0.0003630589,NORMAL,0.0003668286596708029,NORMAL
27,3627,NORMAL,0.0003668257,NORMAL,0.0003668265879012408,NORMAL
28,3628,NORMAL,0.0004595711,NORMAL,0.00043174774637037226,NORMAL
29,3629,NORMAL,0.00036064882,NORMAL,0.0003819784979111117,NORMAL
30,3630,NORMAL,0.0003650676,NORMAL,0.0003701408693733335,NORMAL
31,3631,NORMAL,0.00044382917,NORMAL,0.000421722679812,NORMAL
32,3632,NORMAL,0.00040160678,NORMAL,0.0004076415499436,NORMAL
33,3633,NORMAL,0.00036133453,NORMAL,0.00037522663598308,NORMAL
34,3634,NORMAL,0.0004534277,NORMAL,0.000429967380794924,NORMAL
35,3635,NORMAL,0.0003791696,NORMAL,0.0003944089342384771,NORMAL
36,3636,NORMAL,0.00037752202,NORMAL,0.0003825880942715431,NORMAL
37,3637,NORMAL,0.00036798292,NORMAL,0.0003723644722814629,NORMAL
38,3638,NORMAL,0.0003248453,NORMAL,0.0003391010516844388,NORMAL
39,3639,NORMAL,0.0004965355,NORMAL,0.00044930516550533166,NORMAL
40,3640,NORMAL,0.00041778784,NORMAL,0.0004272430376515994,NORMAL
41,3641,NORMAL,0.0003750719,NORMAL,0.00039072324129547985,NORMAL
42,3642,NORMAL,0.00041903608,NORMAL,0.00041054222838864395,NORMAL
43,3643,NORMAL,0.00038203815,NORMAL,0.00039058937351659314,NORMAL
44,3644,NORMAL,0.00052361947,NORMAL,0.0004837104410549779,NORMAL
45,3645,NORMAL,0.00038574688,NORMAL,0.0004151359483164934,NORMAL
46,3646,NORMAL,0.0004800016,NORMAL,0.000460541904494948,NORMAL
47,3647,NORMAL,0.00042498324,NORMAL,0.00043565083934848437,NORMAL
48,3648,NORMAL,0.00036835868,NORMAL,0.00038854632780454526,NORMAL
49,3649,NORMAL,0.00038004864,NORMAL,0.00038259794634136355,NORMAL
50,3650,NORMAL,0.00040970612,NORMAL,0.000401573667902409,NORMAL
51,3651,NORMAL,0.00041843433,NORMAL,0.0004133761313707227,NORMAL
52,3652,NORMAL,0.0003737094,NORMAL,0.0003856094194112168,NORMAL
53,3653,NORMAL,0.0003931571,NORMAL,0.000390892795823365,NORMAL
54,3654,NORMAL,0.000413592,NORMAL,0.0004067822387470095,NORMAL
55,3655,NORMAL,0.0004226581,NORMAL,0.0004178953416241028,NORMAL
56,3656,NORMAL,0.00037842357,NORMAL,0.00039026510148723083,NORMAL
57,3657,NORMAL,0.00040690522,NORMAL,0.0004019131844461692,NORMAL
58,3658,NORMAL,0.00035885512,NORMAL,0.0003717725393338508,NORMAL
59,3659,NORMAL,0.0004243614,NORMAL,0.00040858474180015524,NORMAL
60,3660,NORMAL,0.00039380358,NORMAL,0.0003982379285400465,NORMAL
61,3661,NORMAL,0.0003654642,NORMAL,0.0003752963185620139,NORMAL
62,3662,NORMAL,0.00038180625,NORMAL,0.0003798532705686042,NORMAL
63,3663,NORMAL,0.00034895985,NORMAL,0.00035822787617058126,NORMAL
64,3664,NORMAL,0.00042959957,NORMAL,0.0004081880618511744,NORMAL
65,3665,NORMAL,0.00037169608,NORMAL,0.0003826436745553522,NORMAL
66,3666,NORMAL,0.0004601622,NORMAL,0.00043690664236660563,NORMAL
67,3667,NORMAL,0.00041757085,NORMAL,0.00042337158770998167,NORMAL
68,3668,NORMAL,0.00053183525,NORMAL,0.0004992961513129945,NORMAL
69,3669,NORMAL,0.00041740728,NORMAL,0.0004419739413938983,NORMAL
70,3670,NORMAL,0.000631195,NORMAL,0.0005744286824181694,NORMAL
71,3671,NORMAL,0.00037463038,NORMAL,0.0004345698707254508,NORMAL
72,3672,NORMAL,0.00037998197,NORMAL,0.0003963583402176352,NORMAL
73,3673,NORMAL,0.00048133533,NORMAL,0.0004558422330652905,NORMAL
74,3674,NORMAL,0.00045592352,NORMAL,0.00045589913391958707,NORMAL
75,3675,NORMAL,0.00039034014,NORMAL,0.00041000783817587614,NORMAL
76,3676,NORMAL,0.00035226374,NORMAL,0.00036958696945276284,NORMAL
77,3677,NORMAL,0.00049718836,NORMAL,0.0004589079428358289,NORMAL
78,3678,NORMAL,0.00036489553,NORMAL,0.00039309925385074863,NORMAL
79,3679,NORMAL,0.0003905709,NORMAL,0.00039132940615522457,NORMAL
80,3680,NORMAL,0.0004134822,NORMAL,0.00040683636184656735,NORMAL
81,3681,NORMAL,0.00037106726,NORMAL,0.00038179799055397014,NORMAL
82,3682,NORMAL,0.00037572664,NORMAL,0.000377548045166191,NORMAL
83,3683,NORMAL,0.00034978506,NORMAL,0.0003581139555498573,NORMAL
84,3684,NORMAL,0.00042363265,NORMAL,0.0004039770416649572,NORMAL
85,3685,NORMAL,0.00037557783,NORMAL,0.00038409759349948715,NORMAL
86,3686,NORMAL,0.00036865656,NORMAL,0.00037328887004984613,NORMAL
87,3687,NORMAL,0.00037228278,NORMAL,0.00037258460701495384,NORMAL
88,3688,NORMAL,0.0006323071,NORMAL,0.0005543903521044861,NORMAL
89,3689,NORMAL,0.00037801178,NORMAL,0.0004309253516313458,NORMAL
90,3690,NORMAL,0.0003942739,NORMAL,0.0004052693354894037,NORMAL
91,3691,NORMAL,0.00035680018,NORMAL,0.0003713409266468211,NORMAL
92,3692,NORMAL,0.00041945672,NORMAL,0.00040502198199404634,NORMAL
93,3693,NORMAL,0.00040323738,NORMAL,0.00040377276059821386,NORMAL
94,3694,NORMAL,0.000386596,NORMAL,0.0003917490281794641,NORMAL
95,3695,NORMAL,0.0004899206,NORMAL,0.0004604691284538392,NORMAL
96,3696,NORMAL,0.00037634178,NORMAL,0.0004015799845361517,NORMAL
97,3697,NORMAL,0.0003633728,NORMAL,0.0003748349553608455,NORMAL
98,3698,NORMAL,0.00039491054,NORMAL,0.0003888878646082536,NORMAL
99,3699,NORMAL,0.0004180374,NORMAL,0.0004092925393824761,NORMAL
100,3700,NORMAL,0.00037655118,NORMAL,0.0003863735878147428,NORMAL
101,3701,NORMAL,0.00044911867,NORMAL,0.00043029514534442283,NORMAL
102,3702,NORMAL,0.00038650734,NORMAL,0.0003996436816033268,NORMAL
103,3703,NORMAL,0.00045415526,NORMAL,0.00043780178648099804,NORMAL
104,3704,NORMAL,0.0004356806,NORMAL,0.0004363169559442994,NORMAL
105,3705,NORMAL,0.0005374195,NORMAL,0.0005070887367832898,NORMAL
106,3706,NORMAL,0.00037810983,NORMAL,0.0004168035020349869,NORMAL
107,3707,NORMAL,0.00038048983,NORMAL,0.000391383931610496,NORMAL
108,3708,NORMAL,0.00039270648,NORMAL,0.00039230971548314883,NORMAL
109,3709,NORMAL,0.00034124654,NORMAL,0.0003565654926449446,NORMAL
110,3710,NORMAL,0.00038668793,NORMAL,0.00037765119879348336,NORMAL
111,3711,NORMAL,0.00034572254,NORMAL,0.000355301137638045,NORMAL
112,3712,NORMAL,0.00035436673,NORMAL,0.0003546470522914135,NORMAL
113,3713,NORMAL,0.00038988458,NORMAL,0.00037931332168742403,NORMAL
114,3714,NORMAL,0.00033702445,NORMAL,0.00034971111150622716,NORMAL
115,3715,NORMAL,0.00042689973,NORMAL,0.00040374314445186814,NORMAL
116,3716,NORMAL,0.0003795289,NORMAL,0.0003867931733355604,NORMAL
117,3717,NORMAL,0.00079658953,NORMAL,0.0006736506230006681,NORMAL
118,3718,NORMAL,0.00037684495,NORMAL,0.00046588665190020037,NORMAL
119,3719,NORMAL,0.00034900496,NORMAL,0.00038406946757006005,NORMAL
120,3720,NORMAL,0.0003578956,NORMAL,0.000365747760271018,NORMAL
121,3721,NORMAL,0.000369364,NORMAL,0.0003682791280813054,NORMAL
122,3722,NORMAL,0.00034356653,NORMAL,0.0003509803094243916,NORMAL
123,3723,NORMAL,0.00067617954,NORMAL,0.0005786197708273174,NORMAL
124,3724,NORMAL,0.00042187862,NORMAL,0.00046890096524819513,NORMAL
125,3725,NORMAL,0.00042022998,NORMAL,0.00043483127557445854,NORMAL
126,3726,NORMAL,0.00038658638,NORMAL,0.00040105984867233753,NORMAL
127,3727,NORMAL,0.00035318345,NORMAL,0.0003675463696017013,NORMAL
128,3728,NORMAL,0.00063564273,NORMAL,0.0005552138218805103,NORMAL
129,3729,NORMAL,0.00036174932,NORMAL,0.0004197886705641531,NORMAL
130,3730,NORMAL,0.00041132484,NORMAL,0.00041386398916924596,NORMAL
131,3731,NORMAL,0.0003629326,NORMAL,0.0003782120167507738,NORMAL
132,3732,NORMAL,0.00039109812,NORMAL,0.00038723228902523213,NORMAL
133,3733,NORMAL,0.00040143475,NORMAL,0.0003971740117075696,NORMAL
134,3734,NORMAL,0.00043324867,NORMAL,0.00042242627251227083,NORMAL
135,3735,NORMAL,0.00038145005,NORMAL,0.0003937429167536812,NORMAL
136,3736,NORMAL,0.00037119148,NORMAL,0.0003779569110261043,NORMAL
137,3737,NORMAL,0.0003432293,NORMAL,0.0003536475833078313,NORMAL
138,3738,NORMAL,0.00034358155,NORMAL,0.0003466013599923494,NORMAL
139,3739,NORMAL,0.00041855744,NORMAL,0.00039697061599770474,NORMAL
140,3740,NORMAL,0.00036787966,NORMAL,0.0003766069467993114,NORMAL
141,3741,NORMAL,0.00052994245,NORMAL,0.0004839417990397934,NORMAL
142,3742,NORMAL,0.000396261,NORMAL,0.000422565239711938,NORMAL
143,3743,NORMAL,0.00036399238,NORMAL,0.00038156423791358134,NORMAL
144,3744,NORMAL,0.00036582706,NORMAL,0.0003705482133740744,NORMAL
145,3745,NORMAL,0.0006110351,NORMAL,0.0005388890340122223,NORMAL
146,3746,NORMAL,0.00040335656,NORMAL,0.0004440163022036666,NORMAL
147,3747,NORMAL,0.00037559232,NORMAL,0.0003961195146610999,NORMAL
148,3748,NORMAL,0.0003881991,NORMAL,0.00039057522439832993,NORMAL
149,3749,NORMAL,0.000405007,NORMAL,0.0004006774673194989,NORMAL
150,3750,NORMAL,0.00047202106,NORMAL,0.00045061798219584966,NORMAL
151,3751,NORMAL,0.00037601744,NORMAL,0.0003983976026587549,NORMAL
152,3752,NORMAL,0.00043300504,NORMAL,0.00042262280879762647,NORMAL
153,3753,NORMAL,0.00035171612,NORMAL,0.0003729881266392879,NORMAL
154,3754,NORMAL,0.00036472094,NORMAL,0.0003672010959917864,NORMAL
155,3755,NORMAL,0.00043876356,NORMAL,0.00041729482079753586,NORMAL
156,3756,NORMAL,0.00044288774,NORMAL,0.00043520986423926076,NORMAL
157,3757,NORMAL,0.00036477344,NORMAL,0.00038590436727177827,NORMAL
158,3758,NORMAL,0.0004161135,NORMAL,0.0004070507601815335,NORMAL
159,3759,NORMAL,0.0003625719,NORMAL,0.00037591555805446,NORMAL
160,3760,NORMAL,0.00035947745,NORMAL,0.000364408882416338,NORMAL
161,3761,NORMAL,0.0004189464,NORMAL,0.00040258514472490134,NORMAL
162,3762,NORMAL,0.0003653576,NORMAL,0.0003765258634174704,NORMAL
163,3763,NORMAL,0.00042412645,NORMAL,0.0004098462740252411,NORMAL
164,3764,NORMAL,0.00036634272,NORMAL,0.0003793937862075723,NORMAL
165,3765,NORMAL,0.00034341458,NORMAL,0.0003542083418622717,NORMAL
166,3766,NORMAL,0.00037328657,NORMAL,0.0003675631015586815,NORMAL
167,3767,NORMAL,0.00048414228,NORMAL,0.00044916852646760444,NORMAL
168,3768,NORMAL,0.00041621647,NORMAL,0.0004261020869402813,NORMAL
169,3769,NORMAL,0.00033402405,NORMAL,0.0003616474610820844,NORMAL
170,3770,NORMAL,0.0004195531,NORMAL,0.0004021814083246253,NORMAL
171,3771,NORMAL,0.00036426142,NORMAL,0.0003756374164973876,NORMAL
172,3772,NORMAL,0.0004510588,NORMAL,0.00042843238494921624,NORMAL
173,3773,NORMAL,0.0003462972,NORMAL,0.0003709377554847648,NORMAL
174,3774,NORMAL,0.00036113223,NORMAL,0.0003640738876454294,NORMAL
175,3775,NORMAL,0.00040172914,NORMAL,0.00039043256429362877,NORMAL
176,3776,NORMAL,0.00036902964,NORMAL,0.0003754505172880886,NORMAL
177,3777,NORMAL,0.00064648665,NORMAL,0.0005651758101864266,NORMAL
178,3778,NORMAL,0.00057574955,NORMAL,0.0005725774280559281,NORMAL
179,3779,NORMAL,0.00046372612,NORMAL,0.0004963815124167783,NORMAL
180,3780,NORMAL,0.00037805072,NORMAL,0.0004135499577250335,NORMAL
181,3781,NORMAL,0.000413117,NORMAL,0.00041324688731751003,NORMAL
182,3782,NORMAL,0.00046801142,NORMAL,0.000451582060195253,NORMAL
183,3783,NORMAL,0.00042101182,NORMAL,0.00043018289205857586,NORMAL
184,3784,NORMAL,0.00036938954,NORMAL,0.00038762754561757275,NORMAL
185,3785,NORMAL,0.0004296602,NORMAL,0.0004170504036852718,NORMAL
186,3786,NORMAL,0.00037444595,NORMAL,0.0003872272861055815,NORMAL
187,3787,NORMAL,0.0003768983,NORMAL,0.00037999699583167446,NORMAL
188,3788,NORMAL,0.00045296332,NORMAL,0.0004310734227495023,NORMAL
189,3789,NORMAL,0.00050596875,NORMAL,0.0004835001518248507,NORMAL
190,3790,NORMAL,0.0003389035,NORMAL,0.0003822824955474552,NORMAL
191,3791,NORMAL,0.0004265324,NORMAL,0.00041325742866423653,NORMAL
192,3792,NORMAL,0.00042547227,NORMAL,0.00042180781759927096,NORMAL
193,3793,NORMAL,0.0003524569,NORMAL,0.00037326217527978127,NORMAL
194,3794,NORMAL,0.00037587047,NORMAL,0.00037508798158393433,NORMAL
195,3795,NORMAL,0.00040859412,NORMAL,0.00039854227847518025,NORMAL
196,3796,NORMAL,0.00042838336,NORMAL,0.00041943103554255404,NORMAL
197,3797,NORMAL,0.00035118207,NORMAL,0.0003716567596627662,NORMAL
198,3798,NORMAL,0.00037375747,NORMAL,0.00037312725689882985,NORMAL
199,3799,NORMAL,0.000375525,NORMAL,0.0003748056770696489,NORMAL
200,3800,ATTACK_ONSET,0.99773514,UNDER_ATTACK,0.6985270397031208,ATTACK_ONSET
201,3801,ATTACK_ONSET,0.99780136,UNDER_ATTACK,0.9080190639109361,ATTACK_ONSET
202,3802,ATTACK_ONSET,0.99785787,UNDER_ATTACK,0.9709062281732808,ATTACK_ONSET
203,3803,ATTACK_ONSET,0.9979214,UNDER_ATTACK,0.9898168484519843,ATTACK_ONSET
204,3804,ATTACK_ONSET,0.99785954,UNDER_ATTACK,0.9954467325355952,ATTACK_ONSET
205,3805,ATTACK_ONSET,0.9977665,UNDER_ATTACK,0.9970705697606785,ATTACK_ONSET
206,3806,ATTACK_ONSET,0.99784994,UNDER_ATTACK,0.9976161289282035,ATTACK_ONSET
207,3807,ATTACK_ONSET,0.99764544,UNDER_ATTACK,0.997636646678461,ATTACK_ONSET
208,3808,ATTACK_ONSET,0.9978259,UNDER_ATTACK,0.9977691240035382,ATTACK_ONSET
209,3809,ATTACK_ONSET,0.9975598,UNDER_ATTACK,0.9976225972010615,ATTACK_ONSET
210,3810,ATTACK_ONSET,0.99781525,UNDER_ATTACK,0.9977574541603185,ATTACK_ONSET
211,3811,ATTACK_ONSET,0.9978777,UNDER_ATTACK,0.9978416262480955,ATTACK_ONSET
212,3812,ATTACK_ONSET,0.9978586,UNDER_ATTACK,0.9978535078744286,ATTACK_ONSET
213,3813,ATTACK_ONSET,0.99780387,UNDER_ATTACK,0.9978187613623286,ATTACK_ONSET
214,3814,ATTACK_ONSET,0.997776,UNDER_ATTACK,0.9977888284086984,ATTACK_ONSET
215,3815,ATTACK_ONSET,0.9976761,UNDER_ATTACK,0.9977099185226095,ATTACK_ONSET
216,3816,ATTACK_ONSET,0.9978606,UNDER_ATTACK,0.9978153955567828,ATTACK_ONSET
217,3817,ATTACK_ONSET,0.99781704,UNDER_ATTACK,0.9978165466670348,ATTACK_ONSET
218,3818,ATTACK_ONSET,0.9975998,UNDER_ATTACK,0.9976648240001105,ATTACK_ONSET
219,3819,ATTACK_ONSET,0.99784434,UNDER_ATTACK,0.9977904852000332,ATTACK_ONSET
220,3820,ATTACK_ONSET,0.997829,UNDER_ATTACK,0.99781744556001,ATTACK_ONSET
221,3821,ATTACK_ONSET,0.9979189,UNDER_ATTACK,0.997888463668003,ATTACK_ONSET
222,3822,ATTACK_ONSET,0.9978644,UNDER_ATTACK,0.9978716191004009,ATTACK_ONSET
223,3823,ATTACK_ONSET,0.9978071,UNDER_ATTACK,0.9978264557301202,ATTACK_ONSET
224,3824,ATTACK_ONSET,0.9978362,UNDER_ATTACK,0.997833276719036,ATTACK_ONSET
225,3825,ATTACK_ONSET,0.9978434,UNDER_ATTACK,0.9978403630157108,ATTACK_ONSET
226,3826,ATTACK_ONSET,0.997883,UNDER_ATTACK,0.9978702089047131,ATTACK_ONSET
227,3827,ATTACK_ONSET,0.9978557,UNDER_ATTACK,0.9978600526714139,ATTACK_ONSET
228,3828,ATTACK_ONSET,0.99782157,UNDER_ATTACK,0.9978331148014241,ATTACK_ONSET
229,3829,ATTACK_ONSET,0.9977677,UNDER_ATTACK,0.9977873244404272,ATTACK_ONSET
230,3830,ATTACK_ONSET,0.997795,UNDER_ATTACK,0.997792697332128,ATTACK_ONSET
231,3831,ATTACK_ONSET,0.99792284,UNDER_ATTACK,0.9978837971996384,ATTACK_ONSET
232,3832,ATTACK_ONSET,0.99786633,UNDER_ATTACK,0.9978715701598915,ATTACK_ONSET
233,3833,ATTACK_ONSET,0.9978789,UNDER_ATTACK,0.9978767010479674,ATTACK_ONSET
234,3834,ATTACK_ONSET,0.997806,UNDER_ATTACK,0.9978272103143901,ATTACK_ONSET
235,3835,ATTACK_ONSET,0.9978886,UNDER_ATTACK,0.9978701830943171,ATTACK_ONSET
236,3836,ATTACK_ONSET,0.99782014,UNDER_ATTACK,0.997835152928295,ATTACK_ONSET
237,3837,ATTACK_ONSET,0.9978231,UNDER_ATTACK,0.9978267158784885,ATTACK_ONSET
238,3838,ATTACK_ONSET,0.99781406,UNDER_ATTACK,0.9978178567635465,ATTACK_ONSET
239,3839,ATTACK_ONSET,0.9978136,UNDER_ATTACK,0.9978148770290639,ATTACK_ONSET
240,3840,ATTACK_ONSET,0.9978695,UNDER_ATTACK,0.9978531131087192,ATTACK_ONSET
241,3841,ATTACK_ONSET,0.9977969,UNDER_ATTACK,0.9978137639326157,ATTACK_ONSET
242,3842,ATTACK_ONSET,0.9978708,UNDER_ATTACK,0.9978536891797847,ATTACK_ONSET
243,3843,ATTACK_ONSET,0.9978744,UNDER_ATTACK,0.9978681867539354,ATTACK_ONSET
244,3844,ATTACK_ONSET,0.9978352,UNDER_ATTACK,0.9978450960261807,ATTACK_ONSET
245,3845,ATTACK_ONSET,0.99787235,UNDER_ATTACK,0.9978641738078542,ATTACK_ONSET
246,3846,ATTACK_ONSET,0.99782866,UNDER_ATTACK,0.9978393141423563,ATTACK_ONSET
247,3847,ATTACK_ONSET,0.99773896,UNDER_ATTACK,0.9977690662427068,ATTACK_ONSET
248,3848,ATTACK_ONSET,0.997846,UNDER_ATTACK,0.997822919872812,ATTACK_ONSET
249,3849,ATTACK_ONSET,0.9976127,UNDER_ATTACK,0.9976757659618436,ATTACK_ONSET
250,3850,ATTACK_ONSET,0.9978734,UNDER_ATTACK,0.9978141097885531,ATTACK_ONSET
251,3851,ATTACK_ONSET,0.99774027,UNDER_ATTACK,0.997762421936566,ATTACK_ONSET
252,3852,ATTACK_ONSET,0.9978508,UNDER_ATTACK,0.9978242865809698,ATTACK_ONSET
253,3853,ATTACK_ONSET,0.9978442,UNDER_ATTACK,0.9978382259742908,ATTACK_ONSET
254,3854,ATTACK_ONSET,0.99784505,UNDER_ATTACK,0.9978430027922871,ATTACK_ONSET
255,3855,ATTACK_ONSET,0.9977047,UNDER_ATTACK,0.9977461908376861,ATTACK_ONSET
256,3856,ATTACK_ONSET,0.997818,UNDER_ATTACK,0.9977964572513058,ATTACK_ONSET
257,3857,ATTACK_ONSET,0.9978557,UNDER_ATTACK,0.9978379271753917,ATTACK_ONSET
258,3858,ATTACK_ONSET,0.9978388,UNDER_ATTACK,0.9978385381526175,ATTACK_ONSET
259,3859,ATTACK_ONSET,0.9974591,UNDER_ATTACK,0.9975729314457852,ATTACK_ONSET
260,3860,ATTACK_ONSET,0.9978847,UNDER_ATTACK,0.9977911694337355,ATTACK_ONSET
261,3861,ATTACK_ONSET,0.99786526,UNDER_ATTACK,0.9978430328301207,ATTACK_ONSET
262,3862,ATTACK_ONSET,0.99785644,UNDER_ATTACK,0.9978524178490361,ATTACK_ONSET
263,3863,ATTACK_ONSET,0.9977343,UNDER_ATTACK,0.9977697353547108,ATTACK_ONSET
264,3864,ATTACK_ONSET,0.99777323,UNDER_ATTACK,0.9977721816064131,ATTACK_ONSET
265,3865,ATTACK_ONSET,0.99785334,UNDER_ATTACK,0.9978289924819239,ATTACK_ONSET
266,3866,ATTACK_ONSET,0.99783295,UNDER_ATTACK,0.9978317627445772,ATTACK_ONSET
267,3867,ATTACK_ONSET,0.997829,UNDER_ATTACK,0.9978298288233731,ATTACK_ONSET
268,3868,ATTACK_ONSET,0.9977969,UNDER_ATTACK,0.997806778647012,ATTACK_ONSET
269,3869,ATTACK_ONSET,0.99782974,UNDER_ATTACK,0.9978228515941034,ATTACK_ONSET
270,3870,ATTACK_ONSET,0.99789953,UNDER_ATTACK,0.997876526478231,ATTACK_ONSET
271,3871,ATTACK_ONSET,0.9978028,UNDER_ATTACK,0.9978249179434693,ATTACK_ONSET
272,3872,ATTACK_ONSET,0.99762636,UNDER_ATTACK,0.9976859273830407,ATTACK_ONSET
273,3873,ATTACK_ONSET,0.9978624,UNDER_ATTACK,0.9978094582149122,ATTACK_ONSET
274,3874,ATTACK_ONSET,0.9977089,UNDER_ATTACK,0.9977390674644736,ATTACK_ONSET
275,3875,ATTACK_ONSET,0.9978927,UNDER_ATTACK,0.997846610239342,ATTACK_ONSET
276,3876,ATTACK_ONSET,0.99785703,UNDER_ATTACK,0.9978539040718026,ATTACK_ONSET
277,3877,ATTACK_ONSET,0.9978781,UNDER_ATTACK,0.9978708412215408,ATTACK_ONSET
278,3878,ATTACK_ONSET,0.9977697,UNDER_ATTACK,0.9978000423664621,ATTACK_ONSET
279,3879,ATTACK_ONSET,0.99784887,UNDER_ATTACK,0.9978342217099385,ATTACK_ONSET
280,3880,ATTACK_ONSET,0.9978035,UNDER_ATTACK,0.9978127165129815,ATTACK_ONSET
281,3881,ATTACK_ONSET,0.99787676,UNDER_ATTACK,0.9978575469538944,ATTACK_ONSET
282,3882,ATTACK_ONSET,0.99776876,UNDER_ATTACK,0.9977953960861683,ATTACK_ONSET
283,3883,ATTACK_ONSET,0.99755776,UNDER_ATTACK,0.9976290508258505,ATTACK_ONSET
284,3884,ATTACK_ONSET,0.9977508,UNDER_ATTACK,0.9977142752477551,ATTACK_ONSET
285,3885,ATTACK_ONSET,0.9978003,UNDER_ATTACK,0.9977744925743264,ATTACK_ONSET
286,3886,ATTACK_ONSET,0.9978491,UNDER_ATTACK,0.9978267177722979,ATTACK_ONSET
287,3887,ATTACK_ONSET,0.99785656,UNDER_ATTACK,0.9978476073316893,ATTACK_ONSET
288,3888,ATTACK_ONSET,0.99792814,UNDER_ATTACK,0.9979039801995067,ATTACK_ONSET
289,3889,ATTACK_ONSET,0.9978484,UNDER_ATTACK,0.9978650740598518,ATTACK_ONSET
290,3890,ATTACK_ONSET,0.9978508,UNDER_ATTACK,0.9978550822179555,ATTACK_ONSET
291,3891,ATTACK_ONSET,0.9978734,UNDER_ATTACK,0.9978679046653867,ATTACK_ONSET
292,3892,ATTACK_ONSET,0.9976793,UNDER_ATTACK,0.997735881399616,ATTACK_ONSET
293,3893,ATTACK_ONSET,0.99778926,UNDER_ATTACK,0.9977732464198847,ATTACK_ONSET
294,3894,ATTACK_ONSET,0.99773216,UNDER_ATTACK,0.9977444859259654,ATTACK_ONSET
295,3895,ATTACK_ONSET,0.9979073,UNDER_ATTACK,0.9978584557777896,ATTACK_ONSET
296,3896,ATTACK_ONSET,0.9978752,UNDER_ATTACK,0.9978701767333368,ATTACK_ONSET
297,3897,ATTACK_ONSET,0.9978568,UNDER_ATTACK,0.997860813020001,ATTACK_ONSET
298,3898,ATTACK_ONSET,0.99782336,UNDER_ATTACK,0.9978345959060003,ATTACK_ONSET
299,3899,ATTACK_ONSET,0.9975426,UNDER_ATTACK,0.9976301987717999,ATTACK_ONSET
300,3900,SUSTAINED_ATTACK,0.9982343,UNDER_ATTACK,0.99805306963154,SUSTAINED_ATTACK
301,3901,SUSTAINED_ATTACK,0.9982287,UNDER_ATTACK,0.998176010889462,SUSTAINED_ATTACK
302,3902,SUSTAINED_ATTACK,0.99824834,UNDER_ATTACK,0.9982266412668386,SUSTAINED_ATTACK
303,3903,SUSTAINED_ATTACK,0.998247,UNDER_ATTACK,0.9982408923800514,SUSTAINED_ATTACK
304,3904,SUSTAINED_ATTACK,0.9982436,UNDER_ATTACK,0.9982427877140154,SUSTAINED_ATTACK
305,3905,SUSTAINED_ATTACK,0.99821776,UNDER_ATTACK,0.9982252683142046,SUSTAINED_ATTACK
306,3906,SUSTAINED_ATTACK,0.9982534,UNDER_ATTACK,0.9982449604942613,SUSTAINED_ATTACK
307,3907,SUSTAINED_ATTACK,0.9982399,UNDER_ATTACK,0.9982414181482783,SUSTAINED_ATTACK
308,3908,SUSTAINED_ATTACK,0.9982493,UNDER_ATTACK,0.9982469354444835,SUSTAINED_ATTACK
309,3909,SUSTAINED_ATTACK,0.99822396,UNDER_ATTACK,0.998230852633345,SUSTAINED_ATTACK
310,3910,SUSTAINED_ATTACK,0.9982461,UNDER_ATTACK,0.9982415257900035,SUSTAINED_ATTACK
311,3911,SUSTAINED_ATTACK,0.9982332,UNDER_ATTACK,0.998235697737001,SUSTAINED_ATTACK
312,3912,SUSTAINED_ATTACK,0.99824727,UNDER_ATTACK,0.9982437983211003,SUSTAINED_ATTACK
313,3913,SUSTAINED_ATTACK,0.9982432,UNDER_ATTACK,0.9982433794963301,SUSTAINED_ATTACK
314,3914,SUSTAINED_ATTACK,0.99823344,UNDER_ATTACK,0.998236421848899,SUSTAINED_ATTACK
315,3915,SUSTAINED_ATTACK,0.9982273,UNDER_ATTACK,0.9982300365546697,SUSTAINED_ATTACK
316,3916,SUSTAINED_ATTACK,0.99821585,UNDER_ATTACK,0.9982201059664009,SUSTAINED_ATTACK
317,3917,SUSTAINED_ATTACK,0.9982457,UNDER_ATTACK,0.9982380217899203,SUSTAINED_ATTACK
318,3918,SUSTAINED_ATTACK,0.9982445,UNDER_ATTACK,0.9982425565369759,SUSTAINED_ATTACK
319,3919,SUSTAINED_ATTACK,0.99824107,UNDER_ATTACK,0.9982415159610927,SUSTAINED_ATTACK
320,3920,SUSTAINED_ATTACK,0.9982204,UNDER_ATTACK,0.9982267347883278,SUSTAINED_ATTACK
321,3921,SUSTAINED_ATTACK,0.9982436,UNDER_ATTACK,0.9982385404364983,SUSTAINED_ATTACK
322,3922,SUSTAINED_ATTACK,0.99821126,UNDER_ATTACK,0.9982194441309495,SUSTAINED_ATTACK
323,3923,SUSTAINED_ATTACK,0.9981086,UNDER_ATTACK,0.9981418532392847,SUSTAINED_ATTACK
324,3924,SUSTAINED_ATTACK,0.99823207,UNDER_ATTACK,0.9982050049717854,SUSTAINED_ATTACK
325,3925,SUSTAINED_ATTACK,0.99825174,UNDER_ATTACK,0.9982377194915356,SUSTAINED_ATTACK
326,3926,SUSTAINED_ATTACK,0.99822074,UNDER_ATTACK,0.9982258338474607,SUSTAINED_ATTACK
327,3927,SUSTAINED_ATTACK,0.9982358,UNDER_ATTACK,0.9982328101542381,SUSTAINED_ATTACK
328,3928,SUSTAINED_ATTACK,0.99814105,UNDER_ATTACK,0.9981685780462713,SUSTAINED_ATTACK
329,3929,SUSTAINED_ATTACK,0.99817264,UNDER_ATTACK,0.9981714214138814,SUSTAINED_ATTACK
330,3930,SUSTAINED_ATTACK,0.9982235,UNDER_ATTACK,0.9982078764241644,SUSTAINED_ATTACK
331,3931,SUSTAINED_ATTACK,0.99823785,UNDER_ATTACK,0.9982288579272494,SUSTAINED_ATTACK
332,3932,SUSTAINED_ATTACK,0.99824893,UNDER_ATTACK,0.9982429083781748,SUSTAINED_ATTACK
333,3933,SUSTAINED_ATTACK,0.99825364,UNDER_ATTACK,0.9982504205134524,SUSTAINED_ATTACK
334,3934,SUSTAINED_ATTACK,0.99819154,UNDER_ATTACK,0.9982092041540357,SUSTAINED_ATTACK
335,3935,SUSTAINED_ATTACK,0.9982451,UNDER_ATTACK,0.9982343312462107,SUSTAINED_ATTACK
336,3936,SUSTAINED_ATTACK,0.9982445,UNDER_ATTACK,0.9982414493738632,SUSTAINED_ATTACK
337,3937,SUSTAINED_ATTACK,0.9982414,UNDER_ATTACK,0.9982414148121588,SUSTAINED_ATTACK
338,3938,SUSTAINED_ATTACK,0.9982461,UNDER_ATTACK,0.9982446944436476,SUSTAINED_ATTACK
339,3939,SUSTAINED_ATTACK,0.99823904,UNDER_ATTACK,0.9982407363330943,SUSTAINED_ATTACK
340,3940,SUSTAINED_ATTACK,0.9982462,UNDER_ATTACK,0.9982445608999282,SUSTAINED_ATTACK
341,3941,SUSTAINED_ATTACK,0.99824893,UNDER_ATTACK,0.9982476192699785,SUSTAINED_ATTACK
342,3942,SUSTAINED_ATTACK,0.9982327,UNDER_ATTACK,0.9982371757809935,SUSTAINED_ATTACK
343,3943,SUSTAINED_ATTACK,0.99822503,UNDER_ATTACK,0.9982286737342979,SUSTAINED_ATTACK
344,3944,SUSTAINED_ATTACK,0.9982424,UNDER_ATTACK,0.9982382821202893,SUSTAINED_ATTACK
345,3945,SUSTAINED_ATTACK,0.99822265,UNDER_ATTACK,0.9982273396360868,SUSTAINED_ATTACK
346,3946,SUSTAINED_ATTACK,0.99824464,UNDER_ATTACK,0.998239449890826,SUSTAINED_ATTACK
347,3947,SUSTAINED_ATTACK,0.998242,UNDER_ATTACK,0.9982412349672478,SUSTAINED_ATTACK
348,3948,SUSTAINED_ATTACK,0.9982456,UNDER_ATTACK,0.9982442904901743,SUSTAINED_ATTACK
349,3949,SUSTAINED_ATTACK,0.9982399,UNDER_ATTACK,0.9982412171470523,SUSTAINED_ATTACK
350,3950,SUSTAINED_ATTACK,0.9982377,UNDER_ATTACK,0.9982387551441156,SUSTAINED_ATTACK
351,3951,SUSTAINED_ATTACK,0.9982254,UNDER_ATTACK,0.9982294065432347,SUSTAINED_ATTACK
352,3952,SUSTAINED_ATTACK,0.9982351,UNDER_ATTACK,0.9982333919629705,SUSTAINED_ATTACK
353,3953,SUSTAINED_ATTACK,0.9982528,UNDER_ATTACK,0.9982469775888911,SUSTAINED_ATTACK
354,3954,SUSTAINED_ATTACK,0.99823016,UNDER_ATTACK,0.9982352052766672,SUSTAINED_ATTACK
355,3955,SUSTAINED_ATTACK,0.99823916,UNDER_ATTACK,0.998237973583,SUSTAINED_ATTACK
356,3956,SUSTAINED_ATTACK,0.9982358,UNDER_ATTACK,0.9982364520748999,SUSTAINED_ATTACK
357,3957,SUSTAINED_ATTACK,0.9982363,UNDER_ATTACK,0.9982363456224699,SUSTAINED_ATTACK
358,3958,SUSTAINED_ATTACK,0.9982388,UNDER_ATTACK,0.998238063686741,SUSTAINED_ATTACK
359,3959,SUSTAINED_ATTACK,0.9982498,UNDER_ATTACK,0.9982462791060221,SUSTAINED_ATTACK
360,3960,SUSTAINED_ATTACK,0.99822885,UNDER_ATTACK,0.9982340787318066,SUSTAINED_ATTACK
361,3961,SUSTAINED_ATTACK,0.9982424,UNDER_ATTACK,0.998239903619542,SUSTAINED_ATTACK
362,3962,SUSTAINED_ATTACK,0.9982432,UNDER_ATTACK,0.9982422110858626,SUSTAINED_ATTACK
363,3963,SUSTAINED_ATTACK,0.9982522,UNDER_ATTACK,0.9982492033257588,SUSTAINED_ATTACK
364,3964,SUSTAINED_ATTACK,0.9982231,UNDER_ATTACK,0.9982309309977276,SUSTAINED_ATTACK
365,3965,SUSTAINED_ATTACK,0.9982463,UNDER_ATTACK,0.9982416892993182,SUSTAINED_ATTACK
366,3966,SUSTAINED_ATTACK,0.9982488,UNDER_ATTACK,0.9982466667897956,SUSTAINED_ATTACK
367,3967,SUSTAINED_ATTACK,0.99824667,UNDER_ATTACK,0.9982466690369387,SUSTAINED_ATTACK
368,3968,SUSTAINED_ATTACK,0.99824524,UNDER_ATTACK,0.9982456687110817,SUSTAINED_ATTACK
369,3969,SUSTAINED_ATTACK,0.9982393,UNDER_ATTACK,0.9982412106133245,SUSTAINED_ATTACK
370,3970,SUSTAINED_ATTACK,0.99825484,UNDER_ATTACK,0.9982507511839973,SUSTAINED_ATTACK
371,3971,SUSTAINED_ATTACK,0.9982406,UNDER_ATTACK,0.998243645355199,SUSTAINED_ATTACK
372,3972,SUSTAINED_ATTACK,0.99824035,UNDER_ATTACK,0.9982413386065597,SUSTAINED_ATTACK
373,3973,SUSTAINED_ATTACK,0.9982425,UNDER_ATTACK,0.9982421515819679,SUSTAINED_ATTACK
374,3974,SUSTAINED_ATTACK,0.99825937,UNDER_ATTACK,0.9982542044745903,SUSTAINED_ATTACK
375,3975,SUSTAINED_ATTACK,0.9982558,UNDER_ATTACK,0.998255321342377,SUSTAINED_ATTACK
376,3976,SUSTAINED_ATTACK,0.99823856,UNDER_ATTACK,0.998243588402713,SUSTAINED_ATTACK
377,3977,SUSTAINED_ATTACK,0.9982431,UNDER_ATTACK,0.9982432465208139,SUSTAINED_ATTACK
378,3978,SUSTAINED_ATTACK,0.99825484,UNDER_ATTACK,0.9982513619562441,SUSTAINED_ATTACK
379,3979,SUSTAINED_ATTACK,0.99824774,UNDER_ATTACK,0.9982488265868732,SUSTAINED_ATTACK
380,3980,SUSTAINED_ATTACK,0.9982395,UNDER_ATTACK,0.9982422979760619,SUSTAINED_ATTACK
381,3981,SUSTAINED_ATTACK,0.99824464,UNDER_ATTACK,0.9982439373928186,SUSTAINED_ATTACK
382,3982,SUSTAINED_ATTACK,0.9982408,UNDER_ATTACK,0.9982417412178455,SUSTAINED_ATTACK
383,3983,SUSTAINED_ATTACK,0.99822,UNDER_ATTACK,0.9982265223653537,SUSTAINED_ATTACK
384,3984,SUSTAINED_ATTACK,0.99824226,UNDER_ATTACK,0.9982375387096061,SUSTAINED_ATTACK
385,3985,SUSTAINED_ATTACK,0.99820256,UNDER_ATTACK,0.9982130536128817,SUSTAINED_ATTACK
386,3986,SUSTAINED_ATTACK,0.998237,UNDER_ATTACK,0.9982298160838645,SUSTAINED_ATTACK
387,3987,SUSTAINED_ATTACK,0.9982482,UNDER_ATTACK,0.9982426848251593,SUSTAINED_ATTACK
388,3988,SUSTAINED_ATTACK,0.9982079,UNDER_ATTACK,0.9982183354475478,SUSTAINED_ATTACK
389,3989,SUSTAINED_ATTACK,0.99825686,UNDER_ATTACK,0.9982453026342644,SUSTAINED_ATTACK
390,3990,SUSTAINED_ATTACK,0.9982539,UNDER_ATTACK,0.9982513207902792,SUSTAINED_ATTACK
391,3991,SUSTAINED_ATTACK,0.99820125,UNDER_ATTACK,0.9982162712370838,SUSTAINED_ATTACK
392,3992,SUSTAINED_ATTACK,0.99824154,UNDER_ATTACK,0.9982339593711251,SUSTAINED_ATTACK
393,3993,SUSTAINED_ATTACK,0.9982363,UNDER_ATTACK,0.9982355978113375,SUSTAINED_ATTACK
394,3994,SUSTAINED_ATTACK,0.99822825,UNDER_ATTACK,0.9982304543434013,SUSTAINED_ATTACK
395,3995,SUSTAINED_ATTACK,0.9982141,UNDER_ATTACK,0.9982190063030203,SUSTAINED_ATTACK
396,3996,SUSTAINED_ATTACK,0.99824834,UNDER_ATTACK,0.9982395398909061,SUSTAINED_ATTACK
397,3997,SUSTAINED_ATTACK,0.9982494,UNDER_ATTACK,0.9982464419672717,SUSTAINED_ATTACK
398,3998,SUSTAINED_ATTACK,0.99825007,UNDER_ATTACK,0.9982489815901815,SUSTAINED_ATTACK
399,3999,SUSTAINED_ATTACK,0.99824154,UNDER_ATTACK,0.9982437724770544,SUSTAINED_ATTACK
400,4000,SUSTAINED_ATTACK,0.9982522,UNDER_ATTACK,0.9982496717431163,SUSTAINED_ATTACK
401,4001,SUSTAINED_ATTACK,0.9982414,UNDER_ATTACK,0.9982438815229348,SUSTAINED_ATTACK
402,4002,SUSTAINED_ATTACK,0.99824655,UNDER_ATTACK,0.9982457494568804,SUSTAINED_ATTACK
403,4003,SUSTAINED_ATTACK,0.9982449,UNDER_ATTACK,0.9982451548370641,SUSTAINED_ATTACK
404,4004,SUSTAINED_ATTACK,0.99824107,UNDER_ATTACK,0.9982422954511192,SUSTAINED_ATTACK
405,4005,SUSTAINED_ATTACK,0.99824524,UNDER_ATTACK,0.9982443566353358,SUSTAINED_ATTACK
406,4006,SUSTAINED_ATTACK,0.99824417,UNDER_ATTACK,0.9982442259906008,SUSTAINED_ATTACK
407,4007,SUSTAINED_ATTACK,0.9982455,UNDER_ATTACK,0.9982451177971803,SUSTAINED_ATTACK
408,4008,SUSTAINED_ATTACK,0.9982331,UNDER_ATTACK,0.9982367053391541,SUSTAINED_ATTACK
409,4009,SUSTAINED_ATTACK,0.9982456,UNDER_ATTACK,0.998242931601746,SUSTAINED_ATTACK
410,4010,SUSTAINED_ATTACK,0.99824893,UNDER_ATTACK,0.9982471304805238,SUSTAINED_ATTACK
411,4011,SUSTAINED_ATTACK,0.99825627,UNDER_ATTACK,0.9982535281441571,SUSTAINED_ATTACK
412,4012,SUSTAINED_ATTACK,0.9982533,UNDER_ATTACK,0.9982533684432471,SUSTAINED_ATTACK
413,4013,SUSTAINED_ATTACK,0.99824995,UNDER_ATTACK,0.9982509755329741,SUSTAINED_ATTACK
414,4014,SUSTAINED_ATTACK,0.9982444,UNDER_ATTACK,0.9982463726598922,SUSTAINED_ATTACK
415,4015,SUSTAINED_ATTACK,0.99824214,UNDER_ATTACK,0.9982434097979677,SUSTAINED_ATTACK
416,4016,SUSTAINED_ATTACK,0.99824715,UNDER_ATTACK,0.9982460279393902,SUSTAINED_ATTACK
417,4017,SUSTAINED_ATTACK,0.9982376,UNDER_ATTACK,0.998240128381817,SUSTAINED_ATTACK
418,4018,SUSTAINED_ATTACK,0.9981546,UNDER_ATTACK,0.9981802585145451,SUSTAINED_ATTACK
419,4019,SUSTAINED_ATTACK,0.9982394,UNDER_ATTACK,0.9982216575543634,SUSTAINED_ATTACK
420,4020,SUSTAINED_ATTACK,0.99822277,UNDER_ATTACK,0.998222436266309,SUSTAINED_ATTACK
421,4021,SUSTAINED_ATTACK,0.99824834,UNDER_ATTACK,0.9982405688798925,SUSTAINED_ATTACK
422,4022,SUSTAINED_ATTACK,0.9982533,UNDER_ATTACK,0.9982494806639677,SUSTAINED_ATTACK
423,4023,SUSTAINED_ATTACK,0.9982558,UNDER_ATTACK,0.9982539041991902,SUSTAINED_ATTACK
424,4024,SUSTAINED_ATTACK,0.9982331,UNDER_ATTACK,0.998239341259757,SUSTAINED_ATTACK
425,4025,SUSTAINED_ATTACK,0.9982418,UNDER_ATTACK,0.998241062377927,SUSTAINED_ATTACK
426,4026,SUSTAINED_ATTACK,0.9982375,UNDER_ATTACK,0.998238568713378,SUSTAINED_ATTACK
427,4027,SUSTAINED_ATTACK,0.9982445,UNDER_ATTACK,0.9982427206140133,SUSTAINED_ATTACK
428,4028,SUSTAINED_ATTACK,0.9982439,UNDER_ATTACK,0.9982435461842039,SUSTAINED_ATTACK
429,4029,SUSTAINED_ATTACK,0.99821067,UNDER_ATTACK,0.9982205328552611,SUSTAINED_ATTACK
430,4030,SUSTAINED_ATTACK,0.9982445,UNDER_ATTACK,0.9982373098565782,SUSTAINED_ATTACK
431,4031,SUSTAINED_ATTACK,0.99823606,UNDER_ATTACK,0.9982364349569733,SUSTAINED_ATTACK
432,4032,SUSTAINED_ATTACK,0.99822325,UNDER_ATTACK,0.998227205487092,SUSTAINED_ATTACK
433,4033,SUSTAINED_ATTACK,0.99824464,UNDER_ATTACK,0.9982394096461276,SUSTAINED_ATTACK
434,4034,SUSTAINED_ATTACK,0.9982363,UNDER_ATTACK,0.9982372328938383,SUSTAINED_ATTACK
435,4035,SUSTAINED_ATTACK,0.9982572,UNDER_ATTACK,0.9982512098681514,SUSTAINED_ATTACK
436,4036,SUSTAINED_ATTACK,0.9982424,UNDER_ATTACK,0.9982450429604454,SUSTAINED_ATTACK
437,4037,SUSTAINED_ATTACK,0.9982287,UNDER_ATTACK,0.9982336028881336,SUSTAINED_ATTACK
438,4038,SUSTAINED_ATTACK,0.99824846,UNDER_ATTACK,0.9982440028664401,SUSTAINED_ATTACK
439,4039,SUSTAINED_ATTACK,0.9982298,UNDER_ATTACK,0.9982340608599319,SUSTAINED_ATTACK
440,4040,SUSTAINED_ATTACK,0.99825734,UNDER_ATTACK,0.9982503562579795,SUSTAINED_ATTACK
441,4041,SUSTAINED_ATTACK,0.99824667,UNDER_ATTACK,0.9982477758773939,SUSTAINED_ATTACK
442,4042,SUSTAINED_ATTACK,0.9982462,UNDER_ATTACK,0.9982466727632182,SUSTAINED_ATTACK
443,4043,SUSTAINED_ATTACK,0.99823534,UNDER_ATTACK,0.9982387398289654,SUSTAINED_ATTACK
444,4044,SUSTAINED_ATTACK,0.99824995,UNDER_ATTACK,0.9982465869486896,SUSTAINED_ATTACK
445,4045,SUSTAINED_ATTACK,0.9982533,UNDER_ATTACK,0.9982512860846069,SUSTAINED_ATTACK
446,4046,SUSTAINED_ATTACK,0.9982193,UNDER_ATTACK,0.998228895825382,SUSTAINED_ATTACK
447,4047,SUSTAINED_ATTACK,0.9982527,UNDER_ATTACK,0.9982455587476146,SUSTAINED_ATTACK
448,4048,SUSTAINED_ATTACK,0.99824286,UNDER_ATTACK,0.9982436696242842,SUSTAINED_ATTACK
449,4049,SUSTAINED_ATTACK,0.9982324,UNDER_ATTACK,0.9982357808872853,SUSTAINED_ATTACK
450,4050,SUSTAINED_ATTACK,0.9982345,UNDER_ATTACK,0.9982348842661857,SUSTAINED_ATTACK
451,4051,SUSTAINED_ATTACK,0.9982425,UNDER_ATTACK,0.9982402152798557,SUSTAINED_ATTACK
452,4052,SUSTAINED_ATTACK,0.9982431,UNDER_ATTACK,0.9982422345839567,SUSTAINED_ATTACK
453,4053,SUSTAINED_ATTACK,0.9982394,UNDER_ATTACK,0.9982402503751869,SUSTAINED_ATTACK
454,4054,SUSTAINED_ATTACK,0.9982443,UNDER_ATTACK,0.9982430851125561,SUSTAINED_ATTACK
455,4055,SUSTAINED_ATTACK,0.9982425,UNDER_ATTACK,0.9982426755337668,SUSTAINED_ATTACK
456,4056,SUSTAINED_ATTACK,0.99824464,UNDER_ATTACK,0.99824405066013,SUSTAINED_ATTACK
457,4057,SUSTAINED_ATTACK,0.9982413,UNDER_ATTACK,0.9982421251980389,SUSTAINED_ATTACK
458,4058,SUSTAINED_ATTACK,0.9982547,UNDER_ATTACK,0.9982509275594117,SUSTAINED_ATTACK
459,4059,SUSTAINED_ATTACK,0.9982431,UNDER_ATTACK,0.9982454482678235,SUSTAINED_ATTACK
460,4060,SUSTAINED_ATTACK,0.99824905,UNDER_ATTACK,0.998247969480347,SUSTAINED_ATTACK
461,4061,SUSTAINED_ATTACK,0.99823403,UNDER_ATTACK,0.9982382118441041,SUSTAINED_ATTACK
462,4062,SUSTAINED_ATTACK,0.99823666,UNDER_ATTACK,0.9982371255532312,SUSTAINED_ATTACK
463,4063,SUSTAINED_ATTACK,0.9982522,UNDER_ATTACK,0.9982476776659693,SUSTAINED_ATTACK
464,4064,SUSTAINED_ATTACK,0.998214,UNDER_ATTACK,0.9982241032997907,SUSTAINED_ATTACK
465,4065,SUSTAINED_ATTACK,0.99821496,UNDER_ATTACK,0.9982177029899372,SUSTAINED_ATTACK
466,4066,SUSTAINED_ATTACK,0.9982413,UNDER_ATTACK,0.9982342208969811,SUSTAINED_ATTACK
467,4067,SUSTAINED_ATTACK,0.99824107,UNDER_ATTACK,0.9982390152690943,SUSTAINED_ATTACK
468,4068,SUSTAINED_ATTACK,0.9982364,UNDER_ATTACK,0.9982371845807283,SUSTAINED_ATTACK
469,4069,SUSTAINED_ATTACK,0.99814117,UNDER_ATTACK,0.9981699743742185,SUSTAINED_ATTACK
470,4070,SUSTAINED_ATTACK,0.9982362,UNDER_ATTACK,0.9982163323122655,SUSTAINED_ATTACK
471,4071,SUSTAINED_ATTACK,0.99823797,UNDER_ATTACK,0.9982314786936796,SUSTAINED_ATTACK
472,4072,SUSTAINED_ATTACK,0.9982205,UNDER_ATTACK,0.9982237936081038,SUSTAINED_ATTACK
473,4073,SUSTAINED_ATTACK,0.9982461,UNDER_ATTACK,0.9982394080824311,SUSTAINED_ATTACK
474,4074,SUSTAINED_ATTACK,0.998226,UNDER_ATTACK,0.9982300224247291,SUSTAINED_ATTACK
475,4075,SUSTAINED_ATTACK,0.99824834,UNDER_ATTACK,0.9982428447274186,SUSTAINED_ATTACK
476,4076,SUSTAINED_ATTACK,0.99824405,UNDER_ATTACK,0.9982436884182256,SUSTAINED_ATTACK
477,4077,SUSTAINED_ATTACK,0.9982502,UNDER_ATTACK,0.9982482465254676,SUSTAINED_ATTACK
478,4078,SUSTAINED_ATTACK,0.9982539,UNDER_ATTACK,0.9982522039576402,SUSTAINED_ATTACK
479,4079,SUSTAINED_ATTACK,0.9982498,UNDER_ATTACK,0.998250521187292,SUSTAINED_ATTACK
480,4080,SUSTAINED_ATTACK,0.99824655,UNDER_ATTACK,0.9982477413561875,SUSTAINED_ATTACK
481,4081,SUSTAINED_ATTACK,0.99825305,UNDER_ATTACK,0.9982514574068562,SUSTAINED_ATTACK
482,4082,SUSTAINED_ATTACK,0.99823064,UNDER_ATTACK,0.9982368852220568,SUSTAINED_ATTACK
483,4083,SUSTAINED_ATTACK,0.99824226,UNDER_ATTACK,0.998240647566617,SUSTAINED_ATTACK
484,4084,SUSTAINED_ATTACK,0.9982358,UNDER_ATTACK,0.9982372542699851,SUSTAINED_ATTACK
485,4085,SUSTAINED_ATTACK,0.9982508,UNDER_ATTACK,0.9982467362809955,SUSTAINED_ATTACK
486,4086,SUSTAINED_ATTACK,0.99824834,UNDER_ATTACK,0.9982478588842986,SUSTAINED_ATTACK
487,4087,SUSTAINED_ATTACK,0.99824345,UNDER_ATTACK,0.9982447726652897,SUSTAINED_ATTACK
488,4088,SUSTAINED_ATTACK,0.9981761,UNDER_ATTACK,0.998196701799587,SUSTAINED_ATTACK
489,4089,SUSTAINED_ATTACK,0.99822086,UNDER_ATTACK,0.998213612539876,SUSTAINED_ATTACK
490,4090,SUSTAINED_ATTACK,0.99825174,UNDER_ATTACK,0.9982403017619628,SUSTAINED_ATTACK
491,4091,SUSTAINED_ATTACK,0.99824667,UNDER_ATTACK,0.9982447595285888,SUSTAINED_ATTACK
492,4092,SUSTAINED_ATTACK,0.9981654,UNDER_ATTACK,0.9981892078585766,SUSTAINED_ATTACK
493,4093,SUSTAINED_ATTACK,0.99821496,UNDER_ATTACK,0.998207234357573,SUSTAINED_ATTACK
494,4094,SUSTAINED_ATTACK,0.9982041,UNDER_ATTACK,0.998205040307272,SUSTAINED_ATTACK
495,4095,SUSTAINED_ATTACK,0.99822384,UNDER_ATTACK,0.9982182000921815,SUSTAINED_ATTACK
496,4096,SUSTAINED_ATTACK,0.99823976,UNDER_ATTACK,0.9982332920276544,SUSTAINED_ATTACK
497,4097,SUSTAINED_ATTACK,0.99825233,UNDER_ATTACK,0.9982466186082963,SUSTAINED_ATTACK
498,4098,SUSTAINED_ATTACK,0.9982114,UNDER_ATTACK,0.9982219655824889,SUSTAINED_ATTACK
499,4099,SUSTAINED_ATTACK,0.99822646,UNDER_ATTACK,0.9982251116747467,SUSTAINED_ATTACK
500,4100,ATTACK_RECOVERY,0.001275365,RECOVERING,0.300360289002424,ATTACK_RECOVERY
501,4101,ATTACK_RECOVERY,0.00067906716,NORMAL,0.0905834337127272,ATTACK_RECOVERY
502,4102,ATTACK_RECOVERY,0.000535378,NORMAL,0.02754979471381816,ATTACK_RECOVERY
503,4103,ATTACK_RECOVERY,0.00086858,NORMAL,0.008872944414145448,ATTACK_RECOVERY
504,4104,ATTACK_RECOVERY,0.0010600196,NORMAL,0.0034038970442436343,ATTACK_RECOVERY
505,4105,ATTACK_RECOVERY,0.001279701,NORMAL,0.0019169598132730901,ATTACK_RECOVERY
506,4106,ATTACK_RECOVERY,0.0010530088,NORMAL,0.0013121941039819268,ATTACK_RECOVERY
507,4107,ATTACK_RECOVERY,0.0006388784,NORMAL,0.000840873111194578,ATTACK_RECOVERY
508,4108,ATTACK_RECOVERY,0.0018240216,NORMAL,0.0015290770533583733,ATTACK_RECOVERY
509,4109,ATTACK_RECOVERY,0.0005409355,NORMAL,0.0008373779660075119,ATTACK_RECOVERY
510,4110,ATTACK_RECOVERY,0.0009478263,NORMAL,0.0009146917998022535,ATTACK_RECOVERY
511,4111,ATTACK_RECOVERY,0.0006952218,NORMAL,0.000761062799940676,ATTACK_RECOVERY
512,4112,ATTACK_RECOVERY,0.0012695821,NORMAL,0.0011170263099822028,ATTACK_RECOVERY
513,4113,ATTACK_RECOVERY,0.0016179936,NORMAL,0.001467703412994661,ATTACK_RECOVERY
514,4114,ATTACK_RECOVERY,0.0009136225,NORMAL,0.0010798467738983982,ATTACK_RECOVERY
515,4115,ATTACK_RECOVERY,0.0008656918,NORMAL,0.0009299382921695194,ATTACK_RECOVERY
516,4116,ATTACK_RECOVERY,0.0006621835,NORMAL,0.0007425099376508558,ATTACK_RECOVERY
517,4117,ATTACK_RECOVERY,0.0008894475,NORMAL,0.0008453662312952567,ATTACK_RECOVERY
518,4118,ATTACK_RECOVERY,0.0009084611,NORMAL,0.000889532639388577,ATTACK_RECOVERY
519,4119,ATTACK_RECOVERY,0.0010708857,NORMAL,0.001016479781816573,ATTACK_RECOVERY
520,4120,ATTACK_RECOVERY,0.000600151,NORMAL,0.0007250496345449719,ATTACK_RECOVERY
521,4121,ATTACK_RECOVERY,0.0010207813,NORMAL,0.0009320618003634915,ATTACK_RECOVERY
522,4122,ATTACK_RECOVERY,0.00068958226,NORMAL,0.0007623261221090474,ATTACK_RECOVERY
523,4123,ATTACK_RECOVERY,0.0005523307,NORMAL,0.0006153293266327141,ATTACK_RECOVERY
524,4124,ATTACK_RECOVERY,0.000670958,NORMAL,0.0006542693979898142,ATTACK_RECOVERY
525,4125,ATTACK_RECOVERY,0.0007976252,NORMAL,0.0007546184593969442,ATTACK_RECOVERY
526,4126,ATTACK_RECOVERY,0.0009949665,NORMAL,0.0009228620878190833,ATTACK_RECOVERY
527,4127,ATTACK_RECOVERY,0.00070893596,NORMAL,0.000773113798345725,ATTACK_RECOVERY
528,4128,ATTACK_RECOVERY,0.001998772,NORMAL,0.0016310745395037172,ATTACK_RECOVERY
529,4129,ATTACK_RECOVERY,0.0012558994,NORMAL,0.001368451941851115,ATTACK_RECOVERY
530,4130,ATTACK_RECOVERY,0.00071506546,NORMAL,0.0009110814045553345,ATTACK_RECOVERY
531,4131,ATTACK_RECOVERY,0.0006606823,NORMAL,0.0007358020313666003,ATTACK_RECOVERY
532,4132,ATTACK_RECOVERY,0.0005301125,NORMAL,0.00059181935940998,ATTACK_RECOVERY
533,4133,ATTACK_RECOVERY,0.0007804006,NORMAL,0.000723826227822994,ATTACK_RECOVERY
534,4134,ATTACK_RECOVERY,0.00063513406,NORMAL,0.0006617417103468981,ATTACK_RECOVERY
535,4135,ATTACK_RECOVERY,0.00090007525,NORMAL,0.0008285751881040694,ATTACK_RECOVERY
536,4136,ATTACK_RECOVERY,0.0007996629,NORMAL,0.0008083365864312209,ATTACK_RECOVERY
537,4137,ATTACK_RECOVERY,0.0007472816,NORMAL,0.0007655980959293663,ATTACK_RECOVERY
538,4138,ATTACK_RECOVERY,0.00075676164,NORMAL,0.0007594125767788098,ATTACK_RECOVERY
539,4139,ATTACK_RECOVERY,0.0008100261,NORMAL,0.0007948420430336429,ATTACK_RECOVERY
540,4140,ATTACK_RECOVERY,0.0012209272,NORMAL,0.0010931016529100927,ATTACK_RECOVERY
541,4141,ATTACK_RECOVERY,0.0008070551,NORMAL,0.0008928690658730278,ATTACK_RECOVERY
542,4142,ATTACK_RECOVERY,0.0006366246,NORMAL,0.0007134979397619083,ATTACK_RECOVERY
543,4143,ATTACK_RECOVERY,0.00083215674,NORMAL,0.0007965590999285724,ATTACK_RECOVERY
544,4144,ATTACK_RECOVERY,0.0005416746,NORMAL,0.0006181399499785717,ATTACK_RECOVERY
545,4145,ATTACK_RECOVERY,0.0005262471,NORMAL,0.0005538149549935714,ATTACK_RECOVERY
546,4146,ATTACK_RECOVERY,0.0007484661,NORMAL,0.0006900707564980714,ATTACK_RECOVERY
547,4147,ATTACK_RECOVERY,0.00073156576,NORMAL,0.0007191172589494214,ATTACK_RECOVERY
548,4148,ATTACK_RECOVERY,0.0012110895,NORMAL,0.0010634978276848263,ATTACK_RECOVERY
549,4149,ATTACK_RECOVERY,0.0022195608,NORMAL,0.0018727419083054478,ATTACK_RECOVERY
550,4150,ATTACK_RECOVERY,0.0007984777,NORMAL,0.0011207569624916342,ATTACK_RECOVERY
551,4151,ATTACK_RECOVERY,0.0006989084,NORMAL,0.0008254629687474901,ATTACK_RECOVERY
552,4152,ATTACK_RECOVERY,0.001358896,NORMAL,0.001198866090624247,ATTACK_RECOVERY
553,4153,ATTACK_RECOVERY,0.0010965217,NORMAL,0.001127225017187274,ATTACK_RECOVERY
554,4154,ATTACK_RECOVERY,0.0006139784,NORMAL,0.0007679523851561823,ATTACK_RECOVERY
555,4155,ATTACK_RECOVERY,0.0008187095,NORMAL,0.0008034823655468546,ATTACK_RECOVERY
556,4156,ATTACK_RECOVERY,0.0008214947,NORMAL,0.0008160909996640564,ATTACK_RECOVERY
557,4157,ATTACK_RECOVERY,0.00069341046,NORMAL,0.0007302146218992169,ATTACK_RECOVERY
558,4158,ATTACK_RECOVERY,0.00067518005,NORMAL,0.000691690421569765,ATTACK_RECOVERY
559,4159,ATTACK_RECOVERY,0.0005505602,NORMAL,0.0005928992664709296,ATTACK_RECOVERY
560,4160,ATTACK_RECOVERY,0.0015097859,NORMAL,0.0012347199099412788,ATTACK_RECOVERY
561,4161,ATTACK_RECOVERY,0.0006154895,NORMAL,0.0008012586229823837,ATTACK_RECOVERY
562,4162,ATTACK_RECOVERY,0.0014231246,NORMAL,0.001236564806894715,ATTACK_RECOVERY
563,4163,ATTACK_RECOVERY,0.00076377176,NORMAL,0.0009056096740684145,ATTACK_RECOVERY
564,4164,ATTACK_RECOVERY,0.00077574875,NORMAL,0.0008147070272205242,ATTACK_RECOVERY
565,4165,ATTACK_RECOVERY,0.0011149347,NORMAL,0.001024866398166157,ATTACK_RECOVERY
566,4166,ATTACK_RECOVERY,0.00060599163,NORMAL,0.0007316540604498472,ATTACK_RECOVERY
567,4167,ATTACK_RECOVERY,0.000663433,NORMAL,0.0006838993181349541,ATTACK_RECOVERY
568,4168,ATTACK_RECOVERY,0.0007652646,NORMAL,0.0007408550154404861,ATTACK_RECOVERY
569,4169,ATTACK_RECOVERY,0.0006838962,NORMAL,0.0007009838446321458,ATTACK_RECOVERY
570,4170,ATTACK_RECOVERY,0.0008035911,NORMAL,0.0007728089233896438,ATTACK_RECOVERY
571,4171,ATTACK_RECOVERY,0.00075907103,NORMAL,0.0007631923980168931,ATTACK_RECOVERY
572,4172,ATTACK_RECOVERY,0.00071406446,NORMAL,0.000728802841405068,ATTACK_RECOVERY
573,4173,ATTACK_RECOVERY,0.0005520891,NORMAL,0.0006051032224215204,ATTACK_RECOVERY
574,4174,ATTACK_RECOVERY,0.00082548644,NORMAL,0.0007593714747264561,ATTACK_RECOVERY
575,4175,ATTACK_RECOVERY,0.0006655976,NORMAL,0.0006937297624179368,ATTACK_RECOVERY
576,4176,ATTACK_RECOVERY,0.0006275609,NORMAL,0.0006474115587253809,ATTACK_RECOVERY
577,4177,ATTACK_RECOVERY,0.0015541118,NORMAL,0.001282101727617614,ATTACK_RECOVERY
578,4178,ATTACK_RECOVERY,0.0008349546,NORMAL,0.0009690987382852842,ATTACK_RECOVERY
579,4179,ATTACK_RECOVERY,0.0007554812,NORMAL,0.0008195664614855853,ATTACK_RECOVERY
580,4180,ATTACK_RECOVERY,0.0009909562,NORMAL,0.0009395392784456755,ATTACK_RECOVERY
581,4181,ATTACK_RECOVERY,0.000741849,NORMAL,0.0008011560835337027,ATTACK_RECOVERY
582,4182,ATTACK_RECOVERY,0.00069799117,NORMAL,0.0007289406440601108,ATTACK_RECOVERY
583,4183,ATTACK_RECOVERY,0.0009586849,NORMAL,0.0008897616232180333,ATTACK_RECOVERY
584,4184,ATTACK_RECOVERY,0.000698104,NORMAL,0.0007556012869654099,ATTACK_RECOVERY
585,4185,ATTACK_RECOVERY,0.00071427476,NORMAL,0.000726672718089623,ATTACK_RECOVERY
586,4186,ATTACK_RECOVERY,0.0012008992,NORMAL,0.0010586312554268869,ATTACK_RECOVERY
587,4187,ATTACK_RECOVERY,0.0009731139,NORMAL,0.000998769106628066,ATTACK_RECOVERY
588,4188,ATTACK_RECOVERY,0.0011891588,NORMAL,0.0011320418919884196,ATTACK_RECOVERY
589,4189,ATTACK_RECOVERY,0.0007391791,NORMAL,0.0008570379375965259,ATTACK_RECOVERY
590,4190,ATTACK_RECOVERY,0.00071555556,NORMAL,0.0007580002732789578,ATTACK_RECOVERY
591,4191,ATTACK_RECOVERY,0.0015331958,NORMAL,0.0013006371419836873,ATTACK_RECOVERY
592,4192,ATTACK_RECOVERY,0.001036333,NORMAL,0.001115624242595106,ATTACK_RECOVERY
593,4193,ATTACK_RECOVERY,0.0017651132,NORMAL,0.0015702665127785317,ATTACK_RECOVERY
594,4194,ATTACK_RECOVERY,0.00093161373,NORMAL,0.0011232095648335595,ATTACK_RECOVERY
595,4195,ATTACK_RECOVERY,0.00084349466,NORMAL,0.0009274091314500679,ATTACK_RECOVERY
596,4196,ATTACK_RECOVERY,0.0011945196,NORMAL,0.0011143864594350202,ATTACK_RECOVERY
597,4197,ATTACK_RECOVERY,0.0005425846,NORMAL,0.000714125157830506,ATTACK_RECOVERY
598,4198,ATTACK_RECOVERY,0.00071693095,NORMAL,0.0007160892123491518,ATTACK_RECOVERY
599,4199,ATTACK_RECOVERY,0.0009425114,NORMAL,0.0008745847437047454,ATTACK_RECOVERY
