feature,mean_absolute_shap
Packet Length Mean,0.04843066086913034
PSH Flag Count,0.04230064526802089
Total Length of Fwd Packets,0.04008640115293975
Fwd Packet Length Max,0.03850583461551599
Subflow Fwd Bytes,0.03804153688532574
Avg Fwd Segment Size,0.03106219618060308
Fwd Packet Length Mean,0.02920164885429178
Flow IAT Max,0.02431371686534943
Average Packet Size,0.02182775323819896
ACK Flag Count,0.018477991029918282
Init_Win_bytes_forward,0.015406502993605492
Flow Duration,0.01357283658999594
Subflow Bwd Bytes,0.009770573660316762
Packet Length Variance,0.008759043574222842
Avg Bwd Segment Size,0.008689156329033602
Max Packet Length,0.0076718527268104094
Packet Length Std,0.007453042691575121
Flow Bytes/s,0.007404397691225805
Bwd Packets/s,0.007371281525689917
Bwd Packet Length Mean,0.007202133530095331
Fwd Packet Length Min,0.007194698884119401
Flow IAT Mean,0.007141036697155499
Total Fwd Packets,0.007114371732120655
Total Length of Bwd Packets,0.006746032405117306
Bwd Packet Length Min,0.006559832216941207
Bwd Header Length,0.006391028566316923
Fwd_Bwd_Byte_Ratio,0.006127622370227218
Flow Packets/s,0.005676868548594299
Fwd IAT Mean,0.004986665135350066
Init_Win_bytes_backward,0.004604775106056857
Total_Packets,0.004175950517671582
Total Backward Packets,0.003937755396810279
Flow IAT Std,0.003406775232148867
Fwd Header Length,0.003202313423240543
Flow IAT Min,0.00302619618375981
Subflow Fwd Packets,0.0029904972859335775
Fwd Packets/s,0.0026100975890379846
Subflow Bwd Packets,0.0023197908423446666
Fwd IAT Std,0.002012444406418203
Bwd IAT Total,0.0019874327756590014
Bwd IAT Max,0.001975107104778077
Fwd IAT Max,0.0019648072372461644
Fwd Header Length.1,0.0019111031773806004
Bwd Packet Length Std,0.0016191515945995598
Bwd IAT Std,0.0014943595744100822
Fwd IAT Total,0.001425503714353282
Bwd Packet Length Max,0.00124240283371363
Min Packet Length,0.0010626908650339516
URG Flag Count,0.0009671612289800605
Fwd IAT Min,0.0008852501278785761
Fwd_Bwd_Packet_Ratio,0.0007346684229548997
Bwd IAT Min,0.0007305060956503609
Bwd IAT Mean,0.0006416374426414077
min_seg_size_forward,0.000625924876618439
Fwd Packet Length Std,0.00034525548370224345
Idle Min,0.0003108243173365143
act_data_pkt_fwd,0.00021572764077715145
Idle Mean,0.00020236027636017542
Idle Max,0.00014957700856455992
Down/Up Ratio,0.00014857924920685977
Active Max,0.0001418535852921428
Active Mean,5.7602980379884e-05
Active Min,2.755987522248186e-05
Active Std,1.850649526299092e-05
Idle Std,9.168383691062933e-06
FIN Flag Count,1.9710578422839646e-06
Fwd PSH Flags,0.0
RST Flag Count,0.0
ECE Flag Count,0.0
SYN Flag Count,0.0
