simulation_step,node_id,traffic_volume,packet_count,attack_probability,risk_score,network_state,global_risk,true_sequence_label,update_latency_ms
0,node_001,4000026200000.0,1,0.99651176,0.9982559,UNDER_ATTACK,1.0,1.0,0.10150001617148519
1,node_002,1.8641701,1,0.9962763,0.8018665,UNDER_ATTACK,1.0,1.0,0.05050000618211925
2,node_003,2.7868743,1,0.9962274,0.80368745,UNDER_ATTACK,1.0,1.0,0.03580001066438854
3,node_001,4000303300000.0,2,0.99707305,0.9985365,UNDER_ATTACK,1.0,1.0,0.051700015319511294
4,node_002,64244.832,2,0.99603075,0.99801534,UNDER_ATTACK,1.0,1.0,0.0386999745387584
5,node_003,4.6510444,2,0.99702865,0.80316544,UNDER_ATTACK,1.0,1.0,0.10219999239780009
6,node_001,4000303300000.0,3,0.99723595,0.99861795,UNDER_ATTACK,1.0,1.0,0.051499984692782164
7,node_002,64244.867,3,0.99698156,0.99849075,UNDER_ATTACK,1.0,1.0,0.039000005926936865
8,node_003,14.051218,3,0.99670655,0.8077208,UNDER_ATTACK,1.0,1.0,0.037999998312443495
9,node_001,4000303300000.0,4,0.99693465,0.9984673,UNDER_ATTACK,1.0,1.0,0.036999990697950125
10,node_002,64346.02,4,0.9971066,0.99855334,UNDER_ATTACK,1.0,1.0,0.036299985367804766
11,node_003,2798240.5,4,0.9969886,0.9984943,UNDER_ATTACK,1.0,1.0,0.03999998443759978
12,node_001,4000303300000.0,5,0.9965432,0.99827164,UNDER_ATTACK,1.0,1.0,0.03749999450519681
13,node_002,64457.824,5,0.99588096,0.9979405,UNDER_ATTACK,1.0,1.0,0.036900019040331244
14,node_003,2798337.5,5,0.99646276,0.99823135,UNDER_ATTACK,1.0,1.0,0.037299992982298136
15,node_001,4000303300000.0,6,0.99341947,0.99670976,UNDER_ATTACK,1.0,1.0,0.05059997783973813
16,node_002,64481.875,6,0.9968047,0.99840236,UNDER_ATTACK,1.0,1.0,0.0467000063508749
17,node_003,2798338.0,6,0.9961266,0.99806327,UNDER_ATTACK,1.0,1.0,0.037999998312443495
18,node_001,8000307000000.0,7,0.9968106,0.9984053,UNDER_ATTACK,1.0,1.0,0.08679999154992402
19,node_002,64568.594,7,0.99661535,0.99830765,UNDER_ATTACK,1.0,1.0,0.09059999138116837
20,node_003,4000006800000.0,7,0.99427235,0.9971362,UNDER_ATTACK,1.0,1.0,0.06220000796020031
21,node_001,8000307000000.0,8,0.9967354,0.9983677,UNDER_ATTACK,1.0,1.0,0.03989998367615044
22,node_002,64570.13,8,0.9961779,0.99808896,UNDER_ATTACK,1.0,1.0,0.038700003642588854
23,node_003,4000006800000.0,8,0.9926978,0.9963489,UNDER_ATTACK,1.0,1.0,0.03980001201853156
24,node_001,8000307000000.0,9,0.9954131,0.9977066,UNDER_ATTACK,1.0,1.0,0.038300000596791506
25,node_002,64574.18,9,0.99582505,0.9979125,UNDER_ATTACK,1.0,1.0,0.06389999180100858
26,node_003,4000006800000.0,9,0.99643195,0.998216,UNDER_ATTACK,1.0,1.0,0.04840001929551363
27,node_001,8000592400000.0,10,0.9967289,0.99836445,UNDER_ATTACK,1.0,1.0,0.0475000124424696
28,node_002,64574.734,10,0.99707067,0.99853534,UNDER_ATTACK,1.0,1.0,0.04650000482797623
29,node_003,4000006800000.0,10,0.9966493,0.9983247,UNDER_ATTACK,1.0,1.0,0.05470000905916095
30,node_001,8000592400000.0,11,0.9969145,0.99845725,UNDER_ATTACK,1.0,1.0,0.048699992476031184
31,node_002,64576.727,11,0.99690896,0.9984545,UNDER_ATTACK,1.0,1.0,0.05669999518431723
32,node_003,4000006800000.0,11,0.9969638,0.9984819,UNDER_ATTACK,1.0,1.0,0.05709999823011458
33,node_001,8000667000000.0,12,0.997214,0.998607,UNDER_ATTACK,1.0,1.0,0.04980000085197389
34,node_002,64581.168,12,0.99688524,0.9984426,UNDER_ATTACK,1.0,1.0,0.040700018871575594
35,node_003,4000006800000.0,12,0.9966978,0.9983489,UNDER_ATTACK,1.0,1.0,0.04010001430287957
36,node_001,8000667000000.0,13,0.9953361,0.9976681,UNDER_ATTACK,1.0,1.0,0.03860000288113952
37,node_002,64581.496,13,0.9967424,0.9983712,UNDER_ATTACK,1.0,1.0,0.03739999374374747
38,node_003,4000006800000.0,13,0.99713635,0.9985682,UNDER_ATTACK,1.0,1.0,0.04600000102072954
39,node_001,8000713000000.0,14,0.99701893,0.99850947,UNDER_ATTACK,1.0,1.0,0.06260001100599766
40,node_002,64585.547,14,0.99686086,0.99843043,UNDER_ATTACK,1.0,1.0,0.0641999940853566
41,node_003,4000006800000.0,14,0.99679834,0.9983992,UNDER_ATTACK,1.0,1.0,0.04789998638443649
42,node_001,8000713000000.0,15,0.9971027,0.9985513,UNDER_ATTACK,1.0,1.0,0.04949999856762588
43,node_002,64588.0,15,0.99700266,0.99850136,UNDER_ATTACK,1.0,1.0,0.04460001946426928
44,node_003,4000006800000.0,15,0.9959714,0.99798566,UNDER_ATTACK,1.0,1.0,0.05439997767098248
45,node_001,8000713000000.0,16,0.9973105,0.99865526,UNDER_ATTACK,1.0,1.0,0.04730001091957092
46,node_002,3378975.5,16,0.9966293,0.9983147,UNDER_ATTACK,1.0,1.0,0.05289999535307288
47,node_003,4000006800000.0,16,0.9963722,0.9981861,UNDER_ATTACK,1.0,1.0,0.05629999213851988
48,node_001,8000713000000.0,17,0.9966235,0.99831176,UNDER_ATTACK,1.0,1.0,0.0433000095654279
49,node_002,4000076300000.0,17,0.9966653,0.9983327,UNDER_ATTACK,1.0,1.0,0.07379997987300158
50,node_003,4000067000000.0,17,0.9941666,0.9970833,UNDER_ATTACK,1.0,1.0,0.045199994929134846
51,node_001,8000738700000.0,18,0.9969592,0.9984796,UNDER_ATTACK,1.0,1.0,0.05699999746866524
52,node_002,4000157800000.0,18,0.9966454,0.99832267,UNDER_ATTACK,1.0,1.0,0.041799998143687844
53,node_003,4000067000000.0,18,0.9960593,0.99802965,UNDER_ATTACK,1.0,1.0,0.04779998562298715
54,node_001,8000738700000.0,19,0.9955433,0.9977717,UNDER_ATTACK,1.0,1.0,0.07350000669248402
55,node_002,4000157800000.0,19,0.99676335,0.9983817,UNDER_ATTACK,1.0,1.0,0.05859998054802418
56,node_003,8000093300000.0,19,0.9966769,0.99833846,UNDER_ATTACK,1.0,1.0,0.07080001523718238
57,node_001,8000738700000.0,20,0.9970541,0.99852705,UNDER_ATTACK,1.0,1.0,0.08960001287050545
58,node_002,4000157800000.0,20,0.99726415,0.9986321,UNDER_ATTACK,1.0,1.0,0.0805000017862767
59,node_003,8000169300000.0,20,0.99729013,0.99864507,UNDER_ATTACK,1.0,1.0,0.057199998991563916
60,node_001,8000738700000.0,21,0.99704224,0.99852115,UNDER_ATTACK,1.0,1.0,0.05649999366141856
61,node_002,4000157800000.0,21,0.9960445,0.99802226,UNDER_ATTACK,1.0,1.0,0.05889998283237219
62,node_003,8000169300000.0,21,0.9969886,0.9984943,UNDER_ATTACK,1.0,1.0,0.05360000068321824
63,node_001,8000738700000.0,22,0.99683255,0.99841624,UNDER_ATTACK,1.0,1.0,0.06160000339150429
64,node_002,4000157800000.0,22,0.99625456,0.9981273,UNDER_ATTACK,1.0,1.0,0.06749999010935426
65,node_003,8000170000000.0,22,0.99631244,0.99815625,UNDER_ATTACK,1.0,1.0,0.05080000846646726
66,node_001,8000738700000.0,23,0.99633694,0.99816847,UNDER_ATTACK,1.0,1.0,0.0405999890062958
67,node_002,4000157800000.0,23,0.99650455,0.9982523,UNDER_ATTACK,1.0,1.0,0.06409999332390726
68,node_003,8000170000000.0,23,0.9932059,0.99660295,UNDER_ATTACK,1.0,1.0,0.06520000169984996
69,node_001,8000738700000.0,24,0.9968612,0.9984306,UNDER_ATTACK,1.0,1.0,0.06590000702999532
70,node_002,4000157800000.0,24,0.99689305,0.9984465,UNDER_ATTACK,1.0,1.0,0.04939999780617654
71,node_003,8000170000000.0,24,0.99623495,0.9981175,UNDER_ATTACK,1.0,1.0,0.06580000626854599
72,node_001,8000738700000.0,25,0.9967553,0.9983776,UNDER_ATTACK,1.0,1.0,0.05549998604692519
73,node_002,8000184000000.0,25,0.9942676,0.9971338,UNDER_ATTACK,1.0,1.0,0.08569998317398131
74,node_003,8000170000000.0,25,0.99637574,0.99818784,UNDER_ATTACK,1.0,1.0,0.07219999679364264
75,node_001,8000738700000.0,26,0.9965969,0.99829847,UNDER_ATTACK,1.0,1.0,0.06999998004175723
76,node_002,8000184000000.0,26,0.99689317,0.9984466,UNDER_ATTACK,1.0,1.0,0.0557999883312732
77,node_003,8000173000000.0,26,0.9972415,0.99862075,UNDER_ATTACK,1.0,1.0,0.05490001058205962
78,node_001,14000826000000.0,27,0.9966929,0.99834645,UNDER_ATTACK,1.0,1.0,0.06489999941550195
79,node_002,8000255000000.0,27,0.99681926,0.9984096,UNDER_ATTACK,1.0,1.0,0.05989999044686556
80,node_003,12000176000000.0,27,0.9970798,0.99853987,UNDER_ATTACK,1.0,1.0,0.04740001168102026
81,node_001,14000848000000.0,28,0.9967603,0.9983801,UNDER_ATTACK,1.0,1.0,0.06550000398419797
82,node_002,8000255000000.0,28,0.9964132,0.99820656,UNDER_ATTACK,1.0,1.0,0.06779999239370227
83,node_003,12000176000000.0,28,0.9969072,0.99845356,UNDER_ATTACK,1.0,1.0,0.07090001599863172
84,node_001,14000848000000.0,29,0.99721515,0.9986076,UNDER_ATTACK,1.0,1.0,0.06379999103955925
85,node_002,8000255000000.0,29,0.99620557,0.9981028,UNDER_ATTACK,1.0,1.0,0.06580000626854599
86,node_003,12000176000000.0,29,0.9964786,0.99823934,UNDER_ATTACK,1.0,1.0,0.05949998740106821
87,node_001,18000875000000.0,30,0.99715567,0.99857783,UNDER_ATTACK,1.0,1.0,0.055800017435103655
88,node_002,8000255000000.0,30,0.9962574,0.9981287,UNDER_ATTACK,1.0,1.0,0.07059998461045325
89,node_003,12000176000000.0,30,0.9965623,0.9982812,UNDER_ATTACK,1.0,1.0,0.08019999950192869
90,node_001,18000875000000.0,31,0.99650335,0.9982517,UNDER_ATTACK,1.0,0.0,0.05880001117475331
91,node_002,8000255000000.0,31,0.99652195,0.998261,UNDER_ATTACK,1.0,1.0,0.07490001735277474
92,node_003,12000207000000.0,31,0.9966629,0.9983315,UNDER_ATTACK,1.0,1.0,0.06429999484680593
93,node_001,18000906000000.0,32,0.99715877,0.9985794,UNDER_ATTACK,1.0,1.0,0.05569998756982386
94,node_002,8000255000000.0,32,0.996219,0.9981095,UNDER_ATTACK,1.0,1.0,0.09699998190626502
95,node_003,12000207000000.0,32,0.9964226,0.9982113,UNDER_ATTACK,1.0,1.0,0.07280000136233866
96,node_001,18000906000000.0,33,0.9923799,0.99618995,UNDER_ATTACK,1.0,1.0,0.06790002225898206
97,node_002,12000281000000.0,33,0.9966732,0.9983366,UNDER_ATTACK,1.0,1.0,0.06840002606622875
98,node_003,12000207000000.0,33,0.99722713,0.99861354,UNDER_ATTACK,1.0,1.0,0.880700012203306
99,node_001,18000906000000.0,34,0.99660516,0.9983026,UNDER_ATTACK,1.0,1.0,0.1168999879155308
100,node_002,12000285000000.0,34,0.9965994,0.99829966,UNDER_ATTACK,1.0,1.0,0.07179999374784529
101,node_003,12000207000000.0,34,0.99401903,0.9970095,UNDER_ATTACK,1.0,1.0,0.10790000669658184
102,node_001,18000906000000.0,35,0.9961803,0.99809015,UNDER_ATTACK,1.0,1.0,0.07580002420581877
103,node_002,12000285000000.0,35,0.99624157,0.9981208,UNDER_ATTACK,1.0,1.0,0.06969997775740921
104,node_003,12000207000000.0,35,0.99648213,0.99824107,UNDER_ATTACK,1.0,1.0,0.09310001041740179
105,node_001,18000906000000.0,36,0.99334985,0.99667495,UNDER_ATTACK,1.0,1.0,0.07990002632141113
106,node_002,16000289000000.0,36,0.9972488,0.9986244,UNDER_ATTACK,1.0,1.0,0.054800009820610285
107,node_003,18000294000000.0,36,0.9969222,0.99846107,UNDER_ATTACK,1.0,1.0,0.0610999995842576
108,node_001,18000906000000.0,37,0.9939546,0.99697727,UNDER_ATTACK,1.0,1.0,0.1320999872405082
109,node_002,16000320000000.0,37,0.9972567,0.9986283,UNDER_ATTACK,1.0,1.0,0.1176999940071255
110,node_003,18000294000000.0,37,0.9954085,0.9977042,UNDER_ATTACK,1.0,1.0,0.06390002090483904
111,node_001,18000906000000.0,38,0.9970669,0.9985334,UNDER_ATTACK,1.0,1.0,0.08040000102482736
112,node_002,16000322000000.0,38,0.99667895,0.9983395,UNDER_ATTACK,1.0,1.0,0.09560000034980476
113,node_003,18000294000000.0,38,0.99350643,0.9967532,UNDER_ATTACK,1.0,1.0,0.06680001388303936
114,node_001,18000906000000.0,39,0.9967332,0.9983666,UNDER_ATTACK,1.0,1.0,0.07429998368024826
115,node_002,16000322000000.0,39,0.997001,0.9985005,UNDER_ATTACK,1.0,1.0,0.05810000584460795
116,node_003,18000294000000.0,39,0.99409014,0.9970451,UNDER_ATTACK,1.0,1.0,0.05929998587816954
117,node_001,18000906000000.0,40,0.9968022,0.9984011,UNDER_ATTACK,1.0,1.0,0.08659999002702534
118,node_002,20000325000000.0,40,0.9969003,0.99845016,UNDER_ATTACK,1.0,1.0,0.07309997454285622
119,node_003,18000294000000.0,40,0.9965138,0.99825686,UNDER_ATTACK,1.0,1.0,0.07280000136233866
120,node_001,18000906000000.0,41,0.99545467,0.99772733,UNDER_ATTACK,1.0,1.0,0.07770000956952572
121,node_002,20000325000000.0,41,0.9964205,0.99821025,UNDER_ATTACK,1.0,1.0,0.08040000102482736
122,node_003,18000294000000.0,41,0.9963971,0.99819857,UNDER_ATTACK,1.0,1.0,0.05929998587816954
123,node_001,18000906000000.0,42,0.996438,0.998219,UNDER_ATTACK,1.0,1.0,0.05810000584460795
124,node_002,20000325000000.0,42,0.99655616,0.9982781,UNDER_ATTACK,1.0,1.0,0.07509998977184296
125,node_003,18000294000000.0,42,0.9968836,0.99844176,UNDER_ATTACK,1.0,1.0,0.12549999519251287
126,node_001,18000906000000.0,43,0.9963792,0.9981896,UNDER_ATTACK,1.0,1.0,0.24270001449622214
127,node_002,20000325000000.0,43,0.99645823,0.9982291,UNDER_ATTACK,1.0,1.0,0.3285999991931021
128,node_003,18000294000000.0,43,0.9969593,0.99847966,UNDER_ATTACK,1.0,1.0,0.15060001169331372
129,node_001,18000906000000.0,44,0.9965578,0.9982789,UNDER_ATTACK,1.0,1.0,0.06150000263005495
130,node_002,20000325000000.0,44,0.9967069,0.9983534,UNDER_ATTACK,1.0,1.0,0.05040000542066991
131,node_003,18000294000000.0,44,0.9969146,0.9984573,UNDER_ATTACK,1.0,1.0,0.05560001591220498
132,node_001,18000906000000.0,45,0.99643457,0.9982173,UNDER_ATTACK,1.0,1.0,0.048900023102760315
133,node_002,20000325000000.0,45,0.99674606,0.99837303,UNDER_ATTACK,1.0,1.0,0.05150001379661262
134,node_003,18000294000000.0,45,0.9965288,0.9982644,UNDER_ATTACK,1.0,1.0,0.0523999915458262
135,node_001,18000906000000.0,46,0.99647444,0.9982372,UNDER_ATTACK,1.0,1.0,0.04980000085197389
136,node_002,20000325000000.0,46,0.996734,0.998367,UNDER_ATTACK,1.0,1.0,0.04909999552182853
137,node_003,18000294000000.0,46,0.9935091,0.9967546,UNDER_ATTACK,1.0,1.0,0.06670001312159002
138,node_001,18000925000000.0,47,0.99652916,0.9982646,UNDER_ATTACK,1.0,1.0,0.053800002206116915
139,node_002,24000350000000.0,47,0.9969308,0.99846536,UNDER_ATTACK,1.0,1.0,0.0644999963697046
140,node_003,18000466000000.0,47,0.9965238,0.99826187,UNDER_ATTACK,1.0,1.0,0.053499999921768904
141,node_001,18000925000000.0,48,0.99656504,0.9982825,UNDER_ATTACK,1.0,1.0,0.05299999611452222
142,node_002,24000350000000.0,48,0.9970566,0.9985283,UNDER_ATTACK,1.0,1.0,0.05110001075081527
143,node_003,18000581000000.0,48,0.99715185,0.9985759,UNDER_ATTACK,1.0,1.0,0.056199991377070546
144,node_001,18000925000000.0,49,0.99630946,0.9981547,UNDER_ATTACK,1.0,1.0,0.062400009483098984
145,node_002,24000350000000.0,49,0.9966024,0.9983012,UNDER_ATTACK,1.0,1.0,0.05400000372901559
146,node_003,18000581000000.0,49,0.99398154,0.99699074,UNDER_ATTACK,1.0,1.0,0.05780000356025994
147,node_001,18000925000000.0,50,0.996534,0.998267,UNDER_ATTACK,1.0,1.0,0.05269999383017421
148,node_002,24000350000000.0,50,0.9966685,0.9983342,UNDER_ATTACK,1.0,1.0,0.05879998207092285
149,node_003,18000655000000.0,50,0.9972011,0.99860054,UNDER_ATTACK,1.0,1.0,0.05180001608096063
150,node_001,18000925000000.0,51,0.996232,0.99811596,UNDER_ATTACK,1.0,1.0,0.05390000296756625
151,node_002,28000377000000.0,51,0.99364316,0.9968216,UNDER_ATTACK,1.0,1.0,0.05390000296756625
152,node_003,18000655000000.0,51,0.9967631,0.99838156,UNDER_ATTACK,1.0,1.0,0.05449997843243182
153,node_001,18000925000000.0,52,0.9968923,0.99844617,UNDER_ATTACK,1.0,1.0,0.055599986808374524
154,node_002,28000377000000.0,52,0.996994,0.998497,UNDER_ATTACK,1.0,1.0,0.05319999763742089
155,node_003,18000655000000.0,52,0.99636626,0.99818313,UNDER_ATTACK,1.0,1.0,0.05370000144466758
156,node_001,18000925000000.0,53,0.99724436,0.9986222,UNDER_ATTACK,1.0,1.0,0.05259999306872487
157,node_002,28000377000000.0,53,0.99653697,0.9982685,UNDER_ATTACK,1.0,1.0,0.0543000060133636
158,node_003,18000655000000.0,53,0.99652267,0.99826133,UNDER_ATTACK,1.0,1.0,0.06660001236014068
159,node_001,18000925000000.0,54,0.9963743,0.9981871,UNDER_ATTACK,1.0,1.0,0.0557999883312732
160,node_002,28000377000000.0,54,0.9971578,0.9985789,UNDER_ATTACK,1.0,1.0,0.052000017603859305
161,node_003,18000657000000.0,54,0.9965404,0.9982702,UNDER_ATTACK,1.0,1.0,0.05189998773857951
162,node_001,18000925000000.0,55,0.9970541,0.99852705,UNDER_ATTACK,1.0,1.0,0.059699988923966885
163,node_002,28000416000000.0,55,0.99712855,0.9985643,UNDER_ATTACK,1.0,1.0,0.053099996875971556
164,node_003,18000657000000.0,55,0.9970293,0.99851465,UNDER_ATTACK,1.0,1.0,0.0619000056758523
165,node_001,22000951000000.0,56,0.9972379,0.99861896,UNDER_ATTACK,1.0,1.0,0.06049999501556158
166,node_002,28000416000000.0,56,0.996854,0.998427,UNDER_ATTACK,1.0,1.0,0.0672000169288367
167,node_003,18000657000000.0,56,0.9933426,0.99667126,UNDER_ATTACK,1.0,1.0,0.05440000677481294
168,node_001,22000951000000.0,57,0.9964498,0.9982249,UNDER_ATTACK,1.0,1.0,0.053099996875971556
169,node_002,28000416000000.0,57,0.99597067,0.9979853,UNDER_ATTACK,1.0,1.0,0.05319999763742089
170,node_003,18000657000000.0,57,0.9963336,0.9981668,UNDER_ATTACK,1.0,1.0,0.05339999916031957
171,node_001,22000951000000.0,58,0.9965649,0.9982825,UNDER_ATTACK,1.0,1.0,0.07029998232610524
172,node_002,32000432000000.0,58,0.9969336,0.9984668,UNDER_ATTACK,1.0,1.0,0.0819999841041863
173,node_003,18000657000000.0,58,0.99641174,0.99820584,UNDER_ATTACK,1.0,1.0,0.06809999467805028
174,node_001,22000953000000.0,59,0.99435306,0.9971765,UNDER_ATTACK,1.0,1.0,0.10619999375194311
175,node_002,32000432000000.0,59,0.9963678,0.9981839,UNDER_ATTACK,1.0,1.0,0.07300000288523734
176,node_003,18000657000000.0,59,0.99626994,0.998135,UNDER_ATTACK,1.0,1.0,0.06510000093840063
177,node_001,22000953000000.0,60,0.99661535,0.99830765,UNDER_ATTACK,1.0,1.0,0.10269999620504677
178,node_002,32000432000000.0,60,0.99612147,0.99806076,UNDER_ATTACK,1.0,1.0,0.08220001473091543
179,node_003,18000657000000.0,60,0.9964414,0.99822074,UNDER_ATTACK,1.0,1.0,0.14289998216554523
180,node_001,22000953000000.0,61,0.9967558,0.99837786,UNDER_ATTACK,1.0,1.0,0.06719998782500625
181,node_002,32000489000000.0,61,0.9972842,0.9986421,UNDER_ATTACK,1.0,1.0,0.05830000736750662
182,node_003,18000657000000.0,61,0.9971386,0.9985693,UNDER_ATTACK,1.0,1.0,0.05570001667365432
183,node_001,22000953000000.0,62,0.99676114,0.9983806,UNDER_ATTACK,1.0,1.0,0.07599999662488699
184,node_002,32000489000000.0,62,0.996783,0.9983915,UNDER_ATTACK,1.0,1.0,0.06079999729990959
185,node_003,18000657000000.0,62,0.9963785,0.9981893,UNDER_ATTACK,1.0,1.0,0.05949998740106821
186,node_001,22000953000000.0,63,0.9963276,0.99816376,UNDER_ATTACK,1.0,1.0,0.06489999941550195
187,node_002,36000517000000.0,63,0.9971143,0.99855715,UNDER_ATTACK,1.0,1.0,0.07949999417178333
188,node_003,18000657000000.0,63,0.9971111,0.99855554,UNDER_ATTACK,1.0,1.0,0.07309997454285622
189,node_001,22000953000000.0,64,0.99663097,0.9983155,UNDER_ATTACK,1.0,1.0,0.06500000017695129
190,node_002,40000520000000.0,64,0.9966702,0.99833506,UNDER_ATTACK,1.0,1.0,0.06990000838413835
191,node_003,18000657000000.0,64,0.99675626,0.9983781,UNDER_ATTACK,1.0,1.0,0.062400009483098984
192,node_001,22000953000000.0,65,0.9961326,0.9980663,UNDER_ATTACK,1.0,1.0,0.05500001134350896
193,node_002,40000520000000.0,65,0.99673104,0.9983655,UNDER_ATTACK,1.0,1.0,0.05649999366141856
194,node_003,18000845000000.0,65,0.99610245,0.9980512,UNDER_ATTACK,1.0,1.0,0.0735999783501029
195,node_001,22000953000000.0,66,0.9965597,0.99827987,UNDER_ATTACK,1.0,1.0,0.06819999543949962
196,node_002,40000520000000.0,66,0.9966059,0.99830294,UNDER_ATTACK,1.0,1.0,0.06349998875521123
197,node_003,18000845000000.0,66,0.9967464,0.9983732,UNDER_ATTACK,1.0,1.0,0.06670001312159002
198,node_001,22000953000000.0,67,0.9971106,0.9985553,UNDER_ATTACK,1.0,1.0,0.05800000508315861
199,node_002,40000520000000.0,67,0.9964947,0.9982473,UNDER_ATTACK,1.0,1.0,0.06990000838413835
200,node_003,18000845000000.0,67,0.9959014,0.99795073,UNDER_ATTACK,1.0,1.0,0.07390000973828137
201,node_001,22000953000000.0,68,0.997265,0.9986325,UNDER_ATTACK,1.0,1.0,0.06239998037926853
202,node_002,40000520000000.0,68,0.9962482,0.99812406,UNDER_ATTACK,1.0,1.0,0.05810000584460795
203,node_003,24000852000000.0,68,0.99417007,0.99708503,UNDER_ATTACK,1.0,1.0,0.05910001345910132
204,node_001,22000953000000.0,69,0.99628437,0.9981422,UNDER_ATTACK,1.0,1.0,0.07130001904442906
205,node_002,40000520000000.0,69,0.9962838,0.99814194,UNDER_ATTACK,1.0,1.0,0.06320001557469368
206,node_003,24000852000000.0,69,0.9960898,0.9980449,UNDER_ATTACK,1.0,1.0,0.07690000347793102
207,node_001,22001211000000.0,70,0.99692315,0.99846154,UNDER_ATTACK,1.0,1.0,0.06550000398419797
208,node_002,40000520000000.0,70,0.9964923,0.99824613,UNDER_ATTACK,1.0,1.0,0.0625999819021672
209,node_003,24000852000000.0,70,0.9971945,0.99859726,UNDER_ATTACK,1.0,1.0,0.05949998740106821
210,node_001,22001211000000.0,71,0.99701524,0.9985076,UNDER_ATTACK,1.0,1.0,0.07320000440813601
211,node_002,40000520000000.0,71,0.9968754,0.9984377,UNDER_ATTACK,1.0,1.0,0.06389999180100858
212,node_003,24000921000000.0,71,0.99684626,0.99842316,UNDER_ATTACK,1.0,1.0,0.06320001557469368
213,node_001,22001440000000.0,72,0.99676335,0.9983817,UNDER_ATTACK,1.0,1.0,0.07380000897683203
214,node_002,40000520000000.0,72,0.9965372,0.9982686,UNDER_ATTACK,1.0,1.0,0.07350000669248402
215,node_003,24000923000000.0,72,0.99674124,0.9983706,UNDER_ATTACK,1.0,1.0,0.07289997301995754
216,node_001,22001440000000.0,73,0.99617577,0.9980879,UNDER_ATTACK,1.0,1.0,0.07539999205619097
217,node_002,40000520000000.0,73,0.99643445,0.9982172,UNDER_ATTACK,1.0,1.0,0.06150000263005495
218,node_003,24000923000000.0,73,0.9934117,0.99670583,UNDER_ATTACK,1.0,1.0,0.06689998554065824
219,node_001,22001440000000.0,74,0.99574184,0.9978709,UNDER_ATTACK,1.0,1.0,0.07420001202262938
220,node_002,44000522000000.0,74,0.9972573,0.9986287,UNDER_ATTACK,1.0,1.0,0.06890000076964498
221,node_003,24000923000000.0,74,0.9963282,0.9981641,UNDER_ATTACK,1.0,1.0,0.06089999806135893
222,node_001,22001440000000.0,75,0.99646014,0.99823004,UNDER_ATTACK,1.0,1.0,0.056199991377070546
223,node_002,44000598000000.0,75,0.9972133,0.9986066,UNDER_ATTACK,1.0,1.0,0.07009998080320656
224,node_003,24000923000000.0,75,0.9968304,0.9984152,UNDER_ATTACK,1.0,1.0,0.060699996538460255
225,node_001,22001440000000.0,76,0.9964798,0.99823993,UNDER_ATTACK,1.0,1.0,0.06059999577701092
226,node_002,44000598000000.0,76,0.9967481,0.99837404,UNDER_ATTACK,1.0,1.0,0.07380000897683203
227,node_003,24000923000000.0,76,0.99643046,0.99821526,UNDER_ATTACK,1.0,1.0,0.063000014051795
228,node_001,22001440000000.0,77,0.99685055,0.9984253,UNDER_ATTACK,1.0,1.0,0.06379999103955925
229,node_002,44000598000000.0,77,0.9941309,0.9970655,UNDER_ATTACK,1.0,1.0,0.0557999883312732
230,node_003,28000950000000.0,77,0.996539,0.9982695,UNDER_ATTACK,1.0,1.0,0.06940000457689166
231,node_001,30001542000000.0,78,0.9969277,0.9984638,UNDER_ATTACK,1.0,1.0,0.06459999713115394
232,node_002,44000598000000.0,78,0.99697447,0.99848723,UNDER_ATTACK,1.0,1.0,0.06780002149753273
233,node_003,28000950000000.0,78,0.9963458,0.99817294,UNDER_ATTACK,1.0,1.0,0.12919999426230788
234,node_001,30001548000000.0,79,0.99668604,0.99834305,UNDER_ATTACK,1.0,1.0,0.07720000576227903
235,node_002,48000670000000.0,79,0.99654824,0.99827415,UNDER_ATTACK,1.0,1.0,0.11310001718811691
236,node_003,28000950000000.0,79,0.99635977,0.99817985,UNDER_ATTACK,1.0,1.0,0.06120000034570694
237,node_001,30001548000000.0,80,0.9970952,0.9985476,UNDER_ATTACK,1.0,1.0,0.056599994422867894
238,node_002,52000675000000.0,80,0.996628,0.99831396,UNDER_ATTACK,1.0,1.0,0.05900001269765198
239,node_003,28000955000000.0,80,0.9968952,0.9984476,UNDER_ATTACK,1.0,1.0,0.06120000034570694
240,node_001,30001548000000.0,81,0.9965875,0.99829376,UNDER_ATTACK,1.0,1.0,0.0633999879937619
241,node_002,52000675000000.0,81,0.99655825,0.99827915,UNDER_ATTACK,1.0,1.0,0.0543000060133636
242,node_003,28000955000000.0,81,0.99648654,0.9982433,UNDER_ATTACK,1.0,1.0,0.059200014220550656
243,node_001,30001599000000.0,82,0.9968184,0.9984092,UNDER_ATTACK,1.0,1.0,0.1221999991685152
244,node_002,52000675000000.0,82,0.996879,0.9984395,UNDER_ATTACK,1.0,1.0,0.05910001345910132
245,node_003,28000955000000.0,82,0.997276,0.998638,UNDER_ATTACK,1.0,1.0,0.07080001523718238
246,node_001,30001599000000.0,83,0.9963756,0.99818784,UNDER_ATTACK,1.0,1.0,0.05679999594576657
247,node_002,52000675000000.0,83,0.9964529,0.99822646,UNDER_ATTACK,1.0,1.0,0.060699996538460255
248,node_003,28000955000000.0,83,0.99345905,0.99672955,UNDER_ATTACK,1.0,1.0,0.05940001574344933
249,node_001,30001599000000.0,84,0.99656624,0.9982831,UNDER_ATTACK,1.0,1.0,0.05640002200379968
250,node_002,52000675000000.0,84,0.9971329,0.99856645,UNDER_ATTACK,1.0,1.0,0.1066999975591898
251,node_003,28000955000000.0,84,0.9963791,0.9981895,UNDER_ATTACK,1.0,1.0,0.06819999543949962
252,node_001,30001599000000.0,85,0.99672383,0.9983619,UNDER_ATTACK,1.0,1.0,0.05830000736750662
253,node_002,56000703000000.0,85,0.9967033,0.99835163,UNDER_ATTACK,1.0,1.0,0.06760001997463405
254,node_003,28000955000000.0,85,0.99643445,0.9982172,UNDER_ATTACK,1.0,1.0,0.06469999789260328
255,node_001,30001599000000.0,86,0.99643916,0.99821955,UNDER_ATTACK,1.0,1.0,0.05490001058205962
256,node_002,56000703000000.0,86,0.99668735,0.99834365,UNDER_ATTACK,1.0,1.0,0.12599999899975955
257,node_003,28000957000000.0,86,0.99653363,0.9982668,UNDER_ATTACK,1.0,1.0,0.07759997970424592
258,node_001,30001599000000.0,87,0.9964857,0.99824286,UNDER_ATTACK,1.0,1.0,0.060699996538460255
259,node_002,56000703000000.0,87,0.99654937,0.9982747,UNDER_ATTACK,1.0,1.0,0.07609999738633633
260,node_003,28000957000000.0,87,0.9939719,0.996986,UNDER_ATTACK,1.0,1.0,0.07739997818134725
261,node_001,30001628000000.0,88,0.9972692,0.99863464,UNDER_ATTACK,1.0,1.0,0.06930000381544232
262,node_002,56000703000000.0,88,0.99657685,0.99828845,UNDER_ATTACK,1.0,1.0,0.0847000046633184
263,node_003,34000997000000.0,88,0.9972326,0.9986163,UNDER_ATTACK,1.0,1.0,0.0740000104997307
264,node_001,30001628000000.0,89,0.9969125,0.99845624,UNDER_ATTACK,1.0,1.0,0.07740000728517771
265,node_002,56000703000000.0,89,0.9958379,0.99791896,UNDER_ATTACK,1.0,1.0,0.08609998621977866
266,node_003,34000997000000.0,89,0.99642247,0.9982112,UNDER_ATTACK,1.0,1.0,0.08080000407062471
267,node_001,30001628000000.0,90,0.99629647,0.99814826,UNDER_ATTACK,1.0,1.0,0.08109997725114226
268,node_002,56000703000000.0,90,0.9969024,0.9984512,UNDER_ATTACK,1.0,1.0,0.0701999815646559
269,node_003,34000997000000.0,90,0.9964701,0.99823505,UNDER_ATTACK,1.0,1.0,0.06750001921318471
270,node_001,30001628000000.0,91,0.9971846,0.9985923,UNDER_ATTACK,1.0,1.0,0.08859997615218163
271,node_002,56000732000000.0,91,0.9966743,0.99833715,UNDER_ATTACK,1.0,1.0,0.058999983593821526
272,node_003,34001000000000.0,91,0.99690956,0.99845475,UNDER_ATTACK,1.0,1.0,0.0653000024612993
273,node_001,30001628000000.0,92,0.9965893,0.99829465,UNDER_ATTACK,1.0,1.0,0.061700004152953625
274,node_002,56000732000000.0,92,0.99624133,0.99812067,UNDER_ATTACK,1.0,1.0,0.06219997885636985
275,node_003,34001000000000.0,92,0.99595296,0.9979765,UNDER_ATTACK,1.0,1.0,0.0610999995842576
276,node_001,30001689000000.0,93,0.99707055,0.9985353,UNDER_ATTACK,1.0,1.0,0.06510000093840063
277,node_002,56000732000000.0,93,0.99652725,0.99826366,UNDER_ATTACK,1.0,1.0,0.06540000322274864
278,node_003,34001000000000.0,93,0.99655765,0.9982788,UNDER_ATTACK,1.0,1.0,0.08139997953549027
279,node_001,30001689000000.0,94,0.9967458,0.9983729,UNDER_ATTACK,1.0,1.0,0.07999999797903001
280,node_002,56000732000000.0,94,0.99654144,0.9982707,UNDER_ATTACK,1.0,1.0,0.07609999738633633
281,node_003,34001000000000.0,94,0.9967976,0.99839884,UNDER_ATTACK,1.0,1.0,0.07929999264888465
282,node_001,30001689000000.0,95,0.99426806,0.99713403,UNDER_ATTACK,1.0,1.0,0.060999998822808266
283,node_002,56000732000000.0,95,0.99645835,0.9982292,UNDER_ATTACK,1.0,1.0,0.05880001117475331
284,node_003,38001002000000.0,95,0.99721485,0.99860746,UNDER_ATTACK,1.0,1.0,0.06359998951666057
285,node_001,30001752000000.0,96,0.9963491,0.99817455,UNDER_ATTACK,1.0,1.0,0.06360001862049103
286,node_002,56000732000000.0,96,0.9971317,0.99856585,UNDER_ATTACK,1.0,1.0,0.0585000088904053
287,node_003,38001002000000.0,96,0.99666756,0.99833375,UNDER_ATTACK,1.0,1.0,0.05980001878924668
288,node_001,30001752000000.0,97,0.99689305,0.9984465,UNDER_ATTACK,1.0,1.0,0.05780000356025994
289,node_002,56000732000000.0,97,0.99649316,0.9982466,UNDER_ATTACK,1.0,1.0,0.06130000110715628
290,node_003,38001002000000.0,97,0.9970594,0.99852973,UNDER_ATTACK,1.0,1.0,0.0619000056758523
291,node_001,30001752000000.0,98,0.9966049,0.99830246,UNDER_ATTACK,1.0,1.0,0.06969997775740921
292,node_002,56000732000000.0,98,0.9967404,0.99837023,UNDER_ATTACK,1.0,1.0,0.06660001236014068
293,node_003,38001002000000.0,98,0.9966864,0.99834317,UNDER_ATTACK,1.0,1.0,0.06089999806135893
294,node_001,30001752000000.0,99,0.99603313,0.99801654,UNDER_ATTACK,1.0,1.0,0.07119998917914927
295,node_002,56000732000000.0,99,0.99655735,0.9982787,UNDER_ATTACK,1.0,1.0,0.07680000271648169
296,node_003,38001002000000.0,99,0.9945142,0.9972571,UNDER_ATTACK,1.0,1.0,0.059200014220550656
297,node_001,30001752000000.0,100,0.9971424,0.9985712,UNDER_ATTACK,1.0,1.0,0.05800000508315861
298,node_002,56000732000000.0,100,0.9964296,0.9982148,UNDER_ATTACK,1.0,1.0,0.06009999196976423
299,node_003,38001002000000.0,100,0.99723536,0.9986177,UNDER_ATTACK,1.0,1.0,0.059900019550696015
300,node_001,30001752000000.0,101,0.99714774,0.99857384,UNDER_ATTACK,1.0,1.0,0.057199998991563916
301,node_002,56000732000000.0,101,0.996539,0.9982695,UNDER_ATTACK,1.0,1.0,0.05859998054802418
302,node_003,38001002000000.0,101,0.9967602,0.9983801,UNDER_ATTACK,1.0,1.0,0.05629999213851988
303,node_001,30001903000000.0,102,0.996527,0.99826354,UNDER_ATTACK,1.0,1.0,0.06920000305399299
304,node_002,56000740000000.0,102,0.9955214,0.9977607,UNDER_ATTACK,1.0,1.0,0.07139999070204794
305,node_003,38001002000000.0,102,0.9964283,0.9982142,UNDER_ATTACK,1.0,1.0,0.06729998858645558
306,node_001,30001903000000.0,103,0.99652535,0.9982627,UNDER_ATTACK,1.0,1.0,0.06120000034570694
307,node_002,56000740000000.0,103,0.9968696,0.99843484,UNDER_ATTACK,1.0,1.0,0.08249998791143298
308,node_003,38001002000000.0,103,0.99654096,0.99827045,UNDER_ATTACK,1.0,1.0,0.07500001811422408
309,node_001,30001903000000.0,104,0.99678576,0.9983929,UNDER_ATTACK,1.0,1.0,0.06600000779144466
310,node_002,56000740000000.0,104,0.9963857,0.99819285,UNDER_ATTACK,1.0,1.0,0.05929998587816954
311,node_003,38001002000000.0,104,0.9971445,0.9985723,UNDER_ATTACK,1.0,1.0,0.06210000719875097
312,node_001,30001903000000.0,105,0.99661666,0.99830836,UNDER_ATTACK,1.0,1.0,0.0701999815646559
313,node_002,56000740000000.0,105,0.9956632,0.99783164,UNDER_ATTACK,1.0,1.0,0.05810000584460795
314,node_003,38001002000000.0,105,0.99660987,0.9983049,UNDER_ATTACK,1.0,1.0,0.06220000796020031
315,node_001,30001903000000.0,106,0.99642724,0.9982136,UNDER_ATTACK,1.0,1.0,0.06550000398419797
316,node_002,56000740000000.0,106,0.99615186,0.9980759,UNDER_ATTACK,1.0,1.0,0.06960000609979033
317,node_003,38001002000000.0,106,0.99688137,0.9984407,UNDER_ATTACK,1.0,1.0,0.0610999995842576
318,node_001,30001903000000.0,107,0.9962232,0.9981116,UNDER_ATTACK,1.0,1.0,0.06009999196976423
319,node_002,60000770000000.0,107,0.99691355,0.9984568,UNDER_ATTACK,1.0,1.0,0.06469999789260328
320,node_003,38001002000000.0,107,0.9961863,0.9980932,UNDER_ATTACK,1.0,1.0,0.06049999501556158
321,node_001,30001903000000.0,108,0.9965251,0.9982626,UNDER_ATTACK,1.0,1.0,0.0557999883312732
322,node_002,60000810000000.0,108,0.99700016,0.99850005,UNDER_ATTACK,1.0,1.0,0.05440000677481294
323,node_003,38001002000000.0,108,0.9965403,0.99827015,UNDER_ATTACK,1.0,1.0,0.05370000144466758
324,node_001,30001905000000.0,109,0.99668187,0.9983409,UNDER_ATTACK,1.0,1.0,0.06690001464448869
325,node_002,60000810000000.0,109,0.99665004,0.99832505,UNDER_ATTACK,1.0,1.0,0.07510001887567341
326,node_003,38001002000000.0,109,0.9942579,0.99712896,UNDER_ATTACK,1.0,1.0,0.06429999484680593
327,node_001,30001905000000.0,110,0.9971366,0.9985683,UNDER_ATTACK,1.0,1.0,0.06160000339150429
328,node_002,60000810000000.0,110,0.9970999,0.99854994,UNDER_ATTACK,1.0,1.0,0.06379999103955925
329,node_003,38001002000000.0,110,0.9962446,0.9981223,UNDER_ATTACK,1.0,1.0,0.060999998822808266
330,node_001,30001905000000.0,111,0.99720156,0.9986008,UNDER_ATTACK,1.0,1.0,0.06960000609979033
331,node_002,60000810000000.0,111,0.9968207,0.99841034,UNDER_ATTACK,1.0,1.0,0.06520000169984996
332,node_003,38001002000000.0,111,0.99681324,0.9984066,UNDER_ATTACK,1.0,1.0,0.07299997378140688
333,node_001,30001905000000.0,112,0.99710613,0.9985531,UNDER_ATTACK,1.0,1.0,0.08379999781027436
334,node_002,60000810000000.0,112,0.9962585,0.99812925,UNDER_ATTACK,1.0,1.0,0.09139999747276306
335,node_003,38001002000000.0,112,0.9971698,0.9985849,UNDER_ATTACK,1.0,1.0,0.08250001701526344
336,node_001,30001905000000.0,113,0.9966993,0.9983496,UNDER_ATTACK,1.0,1.0,0.07690000347793102
337,node_002,64000840000000.0,113,0.9969188,0.9984594,UNDER_ATTACK,1.0,1.0,0.08090000483207405
338,node_003,38001070000000.0,113,0.9965611,0.9982806,UNDER_ATTACK,1.0,1.0,0.07770000956952572
339,node_001,30001932000000.0,114,0.9971047,0.9985524,UNDER_ATTACK,1.0,1.0,0.06510000093840063
340,node_002,64000843000000.0,114,0.99734443,0.9986722,UNDER_ATTACK,1.0,1.0,0.062000006437301636
341,node_003,38001070000000.0,114,0.99714416,0.99857205,UNDER_ATTACK,1.0,1.0,0.06310001481324434
342,node_001,30001932000000.0,115,0.9963431,0.9981715,UNDER_ATTACK,1.0,1.0,0.07780001033097506
343,node_002,70000883000000.0,115,0.9966454,0.99832267,UNDER_ATTACK,1.0,1.0,0.07449998520314693
344,node_003,38001070000000.0,115,0.99639004,0.998195,UNDER_ATTACK,1.0,1.0,0.1024999946821481
345,node_001,30001932000000.0,116,0.9969495,0.9984748,UNDER_ATTACK,1.0,1.0,0.06940000457689166
346,node_002,70000883000000.0,116,0.99692744,0.9984637,UNDER_ATTACK,1.0,1.0,0.03259998629800975
347,node_003,38001070000000.0,116,0.9964359,0.99821794,UNDER_ATTACK,1.0,1.0,0.04640000406652689
348,node_001,30001932000000.0,117,0.9964347,0.99821734,UNDER_ATTACK,1.0,1.0,0.03260001540184021
349,node_002,70000883000000.0,117,0.9970669,0.9985334,UNDER_ATTACK,1.0,1.0,0.03179998020641506
350,node_003,38001070000000.0,117,0.99651754,0.99825877,UNDER_ATTACK,1.0,1.0,0.0315000070258975
351,node_001,30002093000000.0,118,0.9971819,0.99859095,UNDER_ATTACK,1.0,1.0,0.03399999695830047
352,node_002,70000883000000.0,118,0.9969236,0.9984618,UNDER_ATTACK,1.0,1.0,0.03300001844763756
353,node_003,38001070000000.0,118,0.9946049,0.9973025,UNDER_ATTACK,1.0,1.0,0.030399998649954796
354,node_001,30002093000000.0,119,0.9968753,0.99843764,UNDER_ATTACK,1.0,1.0,0.026299996534362435
355,node_002,74000886000000.0,119,0.99724954,0.99862474,UNDER_ATTACK,1.0,1.0,0.02609999501146376
356,node_003,38001070000000.0,119,0.99649674,0.9982484,UNDER_ATTACK,1.0,1.0,0.026299996534362435
357,node_001,30002093000000.0,120,0.99679476,0.9983974,UNDER_ATTACK,1.0,1.0,0.026299996534362435
358,node_002,74000886000000.0,120,0.99646914,0.99823457,UNDER_ATTACK,1.0,1.0,0.026299996534362435
359,node_003,38001090000000.0,120,0.99675673,0.99837834,UNDER_ATTACK,1.0,1.0,0.026599998818710446
360,node_001,30002093000000.0,121,0.9955076,0.9977538,UNDER_ATTACK,1.0,1.0,0.02600002335384488
361,node_002,74000886000000.0,121,0.9934462,0.9967231,UNDER_ATTACK,1.0,1.0,0.026299996534362435
362,node_003,38001090000000.0,121,0.9963444,0.9981722,UNDER_ATTACK,1.0,1.0,0.026399997295811772
363,node_001,30002096000000.0,122,0.9971711,0.9985855,UNDER_ATTACK,1.0,1.0,0.025999994250014424
364,node_002,74001070000000.0,122,0.99704224,0.99852115,UNDER_ATTACK,1.0,1.0,0.025999994250014424
365,node_003,38001090000000.0,122,0.9969984,0.9984992,UNDER_ATTACK,1.0,1.0,0.02789997961372137
366,node_001,108005845000000.0,123,0.9968899,0.998445,UNDER_ATTACK,1.0,1.0,0.026299996534362435
367,node_002,74001070000000.0,123,0.9970611,0.99853057,UNDER_ATTACK,1.0,1.0,0.028000009479001164
368,node_003,38001090000000.0,123,0.99655735,0.9982787,UNDER_ATTACK,1.0,1.0,0.03429999924264848
369,node_001,108005850000000.0,124,0.99669373,0.99834687,UNDER_ATTACK,1.0,1.0,0.032499985536560416
370,node_002,78001090000000.0,124,0.9973206,0.99866027,UNDER_ATTACK,1.0,1.0,0.03290001768618822
371,node_003,38001090000000.0,124,0.9964675,0.99823374,UNDER_ATTACK,1.0,1.0,0.029699993319809437
372,node_001,108005850000000.0,125,0.9972287,0.9986144,UNDER_ATTACK,1.0,1.0,0.02989999484270811
373,node_002,78001090000000.0,125,0.9962836,0.9981418,UNDER_ATTACK,1.0,1.0,0.028400012524798512
374,node_003,38001090000000.0,125,0.9937178,0.9968589,UNDER_ATTACK,1.0,1.0,0.03300001844763756
375,node_001,108005860000000.0,126,0.9971706,0.9985853,UNDER_ATTACK,1.0,1.0,0.02820001100189984
376,node_002,78001090000000.0,126,0.99603575,0.99801785,UNDER_ATTACK,1.0,1.0,0.0261999957729131
377,node_003,38001090000000.0,126,0.99715173,0.99857587,UNDER_ATTACK,1.0,1.0,0.026599998818710446
378,node_001,108005860000000.0,127,0.99694914,0.99847454,UNDER_ATTACK,1.0,1.0,0.02579999272711575
379,node_002,78001090000000.0,127,0.99678934,0.99839467,UNDER_ATTACK,1.0,1.0,0.026299996534362435
380,node_003,38001090000000.0,127,0.9968624,0.9984312,UNDER_ATTACK,1.0,1.0,0.02609999501146376
381,node_001,108005860000000.0,128,0.9964275,0.9982137,UNDER_ATTACK,1.0,1.0,0.02579999272711575
382,node_002,78001170000000.0,128,0.99718094,0.99859047,UNDER_ATTACK,1.0,1.0,0.025999994250014424
383,node_003,38001090000000.0,128,0.99697924,0.9984896,UNDER_ATTACK,1.0,1.0,0.026299996534362435
384,node_001,108005860000000.0,129,0.99688846,0.99844426,UNDER_ATTACK,1.0,1.0,0.12589999823831022
385,node_002,78001170000000.0,129,0.9966419,0.99832094,UNDER_ATTACK,1.0,1.0,0.0703000114299357
386,node_003,38001090000000.0,129,0.99707174,0.9985359,UNDER_ATTACK,1.0,1.0,0.08329999400302768
387,node_001,108005860000000.0,130,0.9971915,0.9985958,UNDER_ATTACK,1.0,1.0,0.05699999746866524
388,node_002,78001170000000.0,130,0.9962949,0.9981474,UNDER_ATTACK,1.0,1.0,0.05729999975301325
389,node_003,38001360000000.0,130,0.995738,0.997869,UNDER_ATTACK,1.0,1.0,0.05910001345910132
390,node_001,108005860000000.0,131,0.9937202,0.9968601,UNDER_ATTACK,1.0,1.0,0.056199991377070546
391,node_002,78001170000000.0,131,0.99673766,0.9983688,UNDER_ATTACK,1.0,1.0,0.05569998756982386
392,node_003,38001360000000.0,131,0.9970855,0.9985427,UNDER_ATTACK,1.0,1.0,0.05539998528547585
393,node_001,108005860000000.0,132,0.9961302,0.9980651,UNDER_ATTACK,1.0,1.0,0.06359998951666057
394,node_002,78001170000000.0,132,0.9950761,0.99753803,UNDER_ATTACK,1.0,1.0,0.060699996538460255
395,node_003,42001387000000.0,132,0.9969183,0.99845916,UNDER_ATTACK,1.0,1.0,0.055800017435103655
396,node_001,108005860000000.0,133,0.9969273,0.9984637,UNDER_ATTACK,1.0,1.0,0.05780000356025994
397,node_002,78001170000000.0,133,0.99648947,0.9982447,UNDER_ATTACK,1.0,1.0,0.05909998435527086
398,node_003,42001387000000.0,133,0.9968545,0.9984272,UNDER_ATTACK,1.0,1.0,0.0577000027988106
399,node_001,108005860000000.0,134,0.99610114,0.9980506,UNDER_ATTACK,1.0,1.0,0.06150000263005495
400,node_002,78001170000000.0,134,0.9966709,0.9983354,UNDER_ATTACK,1.0,1.0,0.0619000056758523
401,node_003,42001387000000.0,134,0.9964366,0.9982183,UNDER_ATTACK,1.0,1.0,0.05980001878924668
402,node_001,108005860000000.0,135,0.99654096,0.99827045,UNDER_ATTACK,1.0,1.0,0.07330000516958535
403,node_002,78001170000000.0,135,0.99668795,0.998344,UNDER_ATTACK,1.0,1.0,0.08110000635497272
404,node_003,42001387000000.0,135,0.99694616,0.9984731,UNDER_ATTACK,1.0,1.0,0.07539999205619097
405,node_001,108005860000000.0,136,0.9965353,0.99826765,UNDER_ATTACK,1.0,1.0,0.06180000491440296
406,node_002,82001190000000.0,136,0.99427277,0.9971364,UNDER_ATTACK,1.0,1.0,0.07700000423938036
407,node_003,42001387000000.0,136,0.99687433,0.99843717,UNDER_ATTACK,1.0,1.0,0.08689999231137335
408,node_001,108005860000000.0,137,0.9966365,0.99831825,UNDER_ATTACK,1.0,1.0,0.057199998991563916
409,node_002,82001190000000.0,137,0.99700266,0.99850136,UNDER_ATTACK,1.0,1.0,0.0585000088904053
410,node_003,42001387000000.0,137,0.99710387,0.9985519,UNDER_ATTACK,1.0,1.0,0.052799994591623545
411,node_001,108005860000000.0,138,0.9969216,0.9984608,UNDER_ATTACK,1.0,1.0,0.05470000905916095
412,node_002,82001190000000.0,138,0.9961604,0.9980802,UNDER_ATTACK,1.0,1.0,0.05490001058205962
413,node_003,42001387000000.0,138,0.99651587,0.99825794,UNDER_ATTACK,1.0,1.0,0.057600002037361264
414,node_001,108005860000000.0,139,0.99576366,0.9978818,UNDER_ATTACK,1.0,1.0,0.05880001117475331
415,node_002,82001190000000.0,139,0.99600923,0.9980046,UNDER_ATTACK,1.0,1.0,0.05740000051446259
416,node_003,48001393000000.0,139,0.9965796,0.99828976,UNDER_ATTACK,1.0,1.0,0.0678999931551516
417,node_001,108006080000000.0,140,0.99664885,0.99832445,UNDER_ATTACK,1.0,1.0,0.07000000914558768
418,node_002,82001240000000.0,140,0.9968071,0.99840355,UNDER_ATTACK,1.0,1.0,0.05870001041330397
419,node_003,48001465000000.0,140,0.9964857,0.99824286,UNDER_ATTACK,1.0,1.0,0.06520000169984996
420,node_001,108006080000000.0,141,0.99656206,0.99828106,UNDER_ATTACK,1.0,1.0,0.06650001159869134
421,node_002,82001240000000.0,141,0.99606293,0.99803144,UNDER_ATTACK,1.0,1.0,0.05649999366141856
422,node_003,48001465000000.0,141,0.99722445,0.9986122,UNDER_ATTACK,1.0,1.0,0.08009999874047935
423,node_001,108006080000000.0,142,0.9967044,0.9983522,UNDER_ATTACK,1.0,1.0,0.0703000114299357
424,node_002,82001240000000.0,142,0.9962722,0.9981361,UNDER_ATTACK,1.0,1.0,0.06659998325631022
425,node_003,48001465000000.0,142,0.9966659,0.9983329,UNDER_ATTACK,1.0,1.0,0.06059999577701092
426,node_001,108006080000000.0,143,0.9969415,0.9984707,UNDER_ATTACK,1.0,1.0,0.07229999755509198
427,node_002,82001240000000.0,143,0.99605983,0.9980299,UNDER_ATTACK,1.0,1.0,0.06439999560825527
428,node_003,48001465000000.0,143,0.9960956,0.99804777,UNDER_ATTACK,1.0,1.0,0.07650000043213367
429,node_001,108006080000000.0,144,0.99619746,0.99809873,UNDER_ATTACK,1.0,1.0,0.0850000069476664
430,node_002,86001310000000.0,144,0.9966425,0.99832124,UNDER_ATTACK,1.0,1.0,0.06239998037926853
431,node_003,48001465000000.0,144,0.9967283,0.99836415,UNDER_ATTACK,1.0,1.0,0.062000006437301636
432,node_001,108006080000000.0,145,0.996335,0.9981675,UNDER_ATTACK,1.0,1.0,0.05830000736750662
433,node_002,86001310000000.0,145,0.9955851,0.99779254,UNDER_ATTACK,1.0,1.0,0.061400001868605614
434,node_003,48001465000000.0,145,0.99719477,0.9985974,UNDER_ATTACK,1.0,1.0,0.061400001868605614
435,node_001,108006120000000.0,146,0.99700975,0.9985049,UNDER_ATTACK,1.0,1.0,0.061499973526224494
436,node_002,86001670000000.0,146,0.9971011,0.9985506,UNDER_ATTACK,1.0,1.0,0.061400001868605614
437,node_003,48001465000000.0,146,0.9967019,0.9983509,UNDER_ATTACK,1.0,1.0,0.06029999349266291
438,node_001,108006460000000.0,147,0.9957035,0.9978518,UNDER_ATTACK,1.0,1.0,0.0577000027988106
439,node_002,90001690000000.0,147,0.99711347,0.99855673,UNDER_ATTACK,1.0,1.0,0.06550000398419797
440,node_003,48001465000000.0,147,0.9965677,0.99828386,UNDER_ATTACK,1.0,1.0,0.06280001252889633
441,node_001,108006460000000.0,148,0.993885,0.99694246,UNDER_ATTACK,1.0,1.0,0.05629999213851988
442,node_002,90001690000000.0,148,0.9965403,0.99827015,UNDER_ATTACK,1.0,1.0,0.0604000233579427
443,node_003,48001465000000.0,148,0.99650323,0.9982516,UNDER_ATTACK,1.0,1.0,0.08789999992586672
444,node_001,108006460000000.0,149,0.9970277,0.9985139,UNDER_ATTACK,1.0,1.0,0.07309997454285622
445,node_002,90001690000000.0,149,0.9973022,0.9986511,UNDER_ATTACK,1.0,1.0,0.06440002471208572
446,node_003,48001486000000.0,149,0.99655426,0.9982771,UNDER_ATTACK,1.0,1.0,0.06169997504912317
447,node_001,108006460000000.0,150,0.9964413,0.9982206,UNDER_ATTACK,1.0,1.0,0.06799999391660094
448,node_002,90001690000000.0,150,0.9969773,0.99848866,UNDER_ATTACK,1.0,1.0,0.05840000812895596
449,node_003,48001486000000.0,150,0.9971117,0.99855584,UNDER_ATTACK,1.0,1.0,0.06050002411939204
450,node_001,108006460000000.0,151,0.99674773,0.99837387,UNDER_ATTACK,1.0,1.0,0.0610999995842576
451,node_002,90001690000000.0,151,0.9963104,0.9981552,UNDER_ATTACK,1.0,1.0,0.07300000288523734
452,node_003,48001486000000.0,151,0.997214,0.998607,UNDER_ATTACK,1.0,1.0,0.06009999196976423
453,node_001,108006460000000.0,152,0.9961708,0.99808544,UNDER_ATTACK,1.0,1.0,0.06779999239370227
454,node_002,90001690000000.0,152,0.9965701,0.99828506,UNDER_ATTACK,1.0,1.0,0.07730000652372837
455,node_003,48001490000000.0,152,0.9963611,0.99818057,UNDER_ATTACK,1.0,1.0,0.07440001354552805
456,node_001,108006460000000.0,153,0.996606,0.998303,UNDER_ATTACK,1.0,1.0,0.08590001380071044
457,node_002,94001770000000.0,153,0.9958403,0.99792016,UNDER_ATTACK,1.0,1.0,0.0653000024612993
458,node_003,48001557000000.0,153,0.99688184,0.9984409,UNDER_ATTACK,1.0,1.0,0.05950001650489867
459,node_001,108006460000000.0,154,0.9939651,0.9969825,UNDER_ATTACK,1.0,1.0,0.06900000153109431
460,node_002,94002010000000.0,154,0.9967692,0.9983846,UNDER_ATTACK,1.0,1.0,0.06479999865405262
461,node_003,48001557000000.0,154,0.9968369,0.99841845,UNDER_ATTACK,1.0,1.0,0.061400001868605614
462,node_001,108006460000000.0,155,0.9935381,0.996769,UNDER_ATTACK,1.0,1.0,0.08949998300522566
463,node_002,94002010000000.0,155,0.99684614,0.99842304,UNDER_ATTACK,1.0,1.0,0.19310001516714692
464,node_003,48001557000000.0,155,0.99686086,0.99843043,UNDER_ATTACK,1.0,1.0,0.08710002293810248
465,node_001,108006460000000.0,156,0.9936913,0.99684566,UNDER_ATTACK,1.0,1.0,0.19940000493079424
466,node_002,94002010000000.0,156,0.9961993,0.9980996,UNDER_ATTACK,1.0,1.0,0.07700000423938036
467,node_003,48001557000000.0,156,0.99688053,0.99844027,UNDER_ATTACK,1.0,1.0,0.08030000026337802
468,node_001,108006460000000.0,157,0.9968624,0.9984312,UNDER_ATTACK,1.0,1.0,0.06279998342506588
469,node_002,98002245000000.0,157,0.9969157,0.99845785,UNDER_ATTACK,1.0,1.0,0.0610999995842576
470,node_003,48001557000000.0,157,0.9969014,0.9984507,UNDER_ATTACK,1.0,1.0,0.061700004152953625
471,node_001,108006460000000.0,158,0.99676067,0.99838036,UNDER_ATTACK,1.0,1.0,0.0619000056758523
472,node_002,104002256000000.0,158,0.99731255,0.9986563,UNDER_ATTACK,1.0,1.0,0.055199983762577176
473,node_003,48001557000000.0,158,0.9927281,0.99636406,UNDER_ATTACK,1.0,1.0,0.07320000440813601
474,node_001,108006460000000.0,159,0.99726033,0.99863017,UNDER_ATTACK,1.0,1.0,0.22379998699761927
475,node_002,108002280000000.0,159,0.997163,0.99858147,UNDER_ATTACK,1.0,1.0,0.15669999993406236
476,node_003,48001557000000.0,159,0.9927246,0.99636227,UNDER_ATTACK,1.0,1.0,0.07459998596459627
477,node_001,108006460000000.0,160,0.9962107,0.99810535,UNDER_ATTACK,1.0,1.0,0.1779999874997884
478,node_002,108002280000000.0,160,0.9939943,0.9969972,UNDER_ATTACK,1.0,1.0,0.079699995694682
479,node_003,48001557000000.0,160,0.9966408,0.9983204,UNDER_ATTACK,1.0,1.0,0.06299998494796455
480,node_001,108006530000000.0,161,0.99708754,0.9985438,UNDER_ATTACK,1.0,1.0,0.05750000127591193
481,node_002,108002280000000.0,161,0.9962365,0.9981182,UNDER_ATTACK,1.0,1.0,0.055899989092722535
482,node_003,48001557000000.0,161,0.9964059,0.998203,UNDER_ATTACK,1.0,1.0,0.057699973694980145
483,node_001,114007060000000.0,162,0.9971988,0.9985994,UNDER_ATTACK,1.0,1.0,0.06570000550709665
484,node_002,108002280000000.0,162,0.99729306,0.99864656,UNDER_ATTACK,1.0,1.0,0.06210000719875097
485,node_003,54001593000000.0,162,0.99668497,0.99834245,UNDER_ATTACK,1.0,1.0,0.05879998207092285
486,node_001,118007090000000.0,163,0.99690646,0.9984532,UNDER_ATTACK,1.0,1.0,0.10229999315924942
487,node_002,108002280000000.0,163,0.9961236,0.99806184,UNDER_ATTACK,1.0,1.0,0.1900999923236668
488,node_003,54001593000000.0,163,0.9966702,0.99833506,UNDER_ATTACK,1.0,1.0,0.05729999975301325
489,node_001,118007090000000.0,164,0.99605644,0.9980282,UNDER_ATTACK,1.0,1.0,0.06830002530477941
490,node_002,108002280000000.0,164,0.99643964,0.9982198,UNDER_ATTACK,1.0,1.0,0.14170000213198364
491,node_003,58001667000000.0,164,0.9968901,0.9984451,UNDER_ATTACK,1.0,1.0,0.08120000711642206
492,node_001,118007090000000.0,165,0.99665314,0.9983266,UNDER_ATTACK,1.0,1.0,0.0771000050008297
493,node_002,112002300000000.0,165,0.9942572,0.9971286,UNDER_ATTACK,1.0,1.0,0.07000000914558768
494,node_003,58001667000000.0,165,0.996995,0.9984975,UNDER_ATTACK,1.0,1.0,0.05900001269765198
495,node_001,118007090000000.0,166,0.99651116,0.99825555,UNDER_ATTACK,1.0,1.0,0.07609999738633633
496,node_002,112002300000000.0,166,0.9963511,0.99817556,UNDER_ATTACK,1.0,1.0,0.06400002166628838
497,node_003,58001667000000.0,166,0.9966749,0.99833745,UNDER_ATTACK,1.0,1.0,0.05629999213851988
498,node_001,118007255000000.0,167,0.9957787,0.99788934,UNDER_ATTACK,1.0,1.0,0.06079999729990959
499,node_002,112002300000000.0,167,0.9964503,0.99822515,UNDER_ATTACK,1.0,1.0,0.0653000024612993
500,node_003,58001667000000.0,167,0.9969215,0.9984607,UNDER_ATTACK,1.0,1.0,0.05599998985417187
501,node_001,118007255000000.0,168,0.99648005,0.99824005,UNDER_ATTACK,1.0,1.0,0.062499981140717864
502,node_002,112002300000000.0,168,0.9962048,0.99810237,UNDER_ATTACK,1.0,1.0,0.07469998672604561
503,node_003,58001675000000.0,168,0.99654454,0.99827224,UNDER_ATTACK,1.0,1.0,0.07219999679364264
504,node_001,118007255000000.0,169,0.9971649,0.9985824,UNDER_ATTACK,1.0,1.0,0.07780001033097506
505,node_002,112002300000000.0,169,0.9971541,0.99857706,UNDER_ATTACK,1.0,1.0,0.08550001075491309
506,node_003,58001675000000.0,169,0.9964677,0.99823385,UNDER_ATTACK,1.0,1.0,0.07169999298639596
507,node_001,118007255000000.0,170,0.9972281,0.998614,UNDER_ATTACK,1.0,1.0,0.08410000009462237
508,node_002,112002300000000.0,170,0.9961482,0.9980741,UNDER_ATTACK,1.0,1.0,0.07380000897683203
509,node_003,58001675000000.0,170,0.9969116,0.9984558,UNDER_ATTACK,1.0,1.0,0.13760000001639128
510,node_001,118007255000000.0,171,0.9968641,0.99843204,UNDER_ATTACK,1.0,1.0,0.11319998884573579
511,node_002,112002300000000.0,171,0.99664766,0.99832386,UNDER_ATTACK,1.0,1.0,0.07529999129474163
512,node_003,58001675000000.0,171,0.9936265,0.99681324,UNDER_ATTACK,1.0,1.0,0.13349999790079892
513,node_001,118007255000000.0,172,0.99656147,0.9982807,UNDER_ATTACK,1.0,1.0,0.07079998613335192
514,node_002,112002300000000.0,172,0.9970445,0.9985222,UNDER_ATTACK,1.0,1.0,0.07849998655728996
515,node_003,58001675000000.0,172,0.99649185,0.9982459,UNDER_ATTACK,1.0,1.0,0.07599999662488699
516,node_001,118007255000000.0,173,0.99358046,0.99679023,UNDER_ATTACK,1.0,1.0,0.06960000609979033
517,node_002,112002300000000.0,173,0.99659926,0.99829966,UNDER_ATTACK,1.0,1.0,0.06429999484680593
518,node_003,58001675000000.0,173,0.99697065,0.9984853,UNDER_ATTACK,1.0,1.0,0.06640001083724201
519,node_001,118007255000000.0,174,0.99713093,0.9985655,UNDER_ATTACK,1.0,1.0,0.06630001007579267
520,node_002,112002380000000.0,174,0.9970059,0.9985029,UNDER_ATTACK,1.0,1.0,0.07730000652372837
521,node_003,58001675000000.0,174,0.9967855,0.99839276,UNDER_ATTACK,1.0,1.0,0.07719997665844858
522,node_001,118007255000000.0,175,0.9967546,0.99837726,UNDER_ATTACK,1.0,1.0,0.07730000652372837
523,node_002,112002380000000.0,175,0.99652916,0.9982646,UNDER_ATTACK,1.0,1.0,0.0785999873187393
524,node_003,58001675000000.0,175,0.99702966,0.99851483,UNDER_ATTACK,1.0,1.0,0.166199984960258
525,node_001,118007255000000.0,176,0.99672455,0.99836224,UNDER_ATTACK,1.0,1.0,0.11490000179037452
526,node_002,112002380000000.0,176,0.99329764,0.99664885,UNDER_ATTACK,1.0,1.0,0.07650000043213367
527,node_003,58001675000000.0,176,0.9966241,0.99831206,UNDER_ATTACK,1.0,1.0,0.06550000398419797
528,node_001,118007255000000.0,177,0.9965407,0.99827033,UNDER_ATTACK,1.0,1.0,0.06930000381544232
529,node_002,112002380000000.0,177,0.99417865,0.9970893,UNDER_ATTACK,1.0,1.0,0.05780000356025994
530,node_003,58001675000000.0,177,0.9961015,0.99805075,UNDER_ATTACK,1.0,1.0,0.0686999992467463
531,node_001,118007270000000.0,178,0.9965252,0.9982626,UNDER_ATTACK,1.0,1.0,0.07620002725161612
532,node_002,112002380000000.0,178,0.9964592,0.99822956,UNDER_ATTACK,1.0,1.0,0.08030000026337802
533,node_003,58001675000000.0,178,0.9966832,0.9983416,UNDER_ATTACK,1.0,1.0,0.07809998351149261
534,node_001,118007270000000.0,179,0.99688256,0.9984413,UNDER_ATTACK,1.0,1.0,0.06819999543949962
535,node_002,112002380000000.0,179,0.9964728,0.99823636,UNDER_ATTACK,1.0,1.0,0.07280000136233866
536,node_003,62001703000000.0,179,0.99691063,0.99845535,UNDER_ATTACK,1.0,1.0,0.06120000034570694
537,node_001,118007270000000.0,180,0.99655473,0.99827737,UNDER_ATTACK,1.0,1.0,0.0703000114299357
538,node_002,112002865000000.0,180,0.997133,0.9985665,UNDER_ATTACK,1.0,1.0,0.06560000474564731
539,node_003,62001703000000.0,180,0.99638474,0.99819237,UNDER_ATTACK,1.0,1.0,0.08650001836940646
540,node_001,118007270000000.0,181,0.99659675,0.99829835,UNDER_ATTACK,1.0,1.0,0.06839999696239829
541,node_002,112002865000000.0,181,0.9971468,0.99857336,UNDER_ATTACK,1.0,1.0,0.07700000423938036
542,node_003,62001724000000.0,181,0.99710053,0.99855024,UNDER_ATTACK,1.0,1.0,0.07670000195503235
543,node_001,118007270000000.0,182,0.99621445,0.99810725,UNDER_ATTACK,1.0,1.0,0.07619999814778566
544,node_002,112002865000000.0,182,0.9964619,0.998231,UNDER_ATTACK,1.0,1.0,0.07419998291879892
545,node_003,62001724000000.0,182,0.9964154,0.9982077,UNDER_ATTACK,1.0,1.0,0.09759998647496104
546,node_001,118007270000000.0,183,0.9965103,0.9982552,UNDER_ATTACK,1.0,1.0,0.09049999061971903
547,node_002,112002865000000.0,183,0.9967982,0.9983991,UNDER_ATTACK,1.0,1.0,0.07249999907799065
548,node_003,62001775000000.0,183,0.99664176,0.9983209,UNDER_ATTACK,1.0,1.0,0.06960000609979033
549,node_001,118007270000000.0,184,0.9963321,0.998166,UNDER_ATTACK,1.0,1.0,0.07259999983943999
550,node_002,112002865000000.0,184,0.996856,0.998428,UNDER_ATTACK,1.0,1.0,0.06489999941550195
551,node_003,62001775000000.0,184,0.9969983,0.99849916,UNDER_ATTACK,1.0,1.0,0.06370001938194036
552,node_001,118007270000000.0,185,0.99612075,0.9980604,UNDER_ATTACK,1.0,1.0,0.06489999941550195
553,node_002,112002865000000.0,185,0.9967469,0.99837345,UNDER_ATTACK,1.0,1.0,0.06649998249486089
554,node_003,62001804000000.0,185,0.997118,0.998559,UNDER_ATTACK,1.0,1.0,0.06749999010935426
555,node_001,118007270000000.0,186,0.99700695,0.9985035,UNDER_ATTACK,1.0,1.0,0.06120000034570694
556,node_002,112002865000000.0,186,0.9968822,0.9984411,UNDER_ATTACK,1.0,1.0,0.4202999989502132
557,node_003,62001804000000.0,186,0.99650675,0.9982534,UNDER_ATTACK,1.0,1.0,0.3972999984398484
558,node_001,118007270000000.0,187,0.99720323,0.9986016,UNDER_ATTACK,1.0,1.0,0.09779998799785972
559,node_002,112002865000000.0,187,0.99640167,0.99820083,UNDER_ATTACK,1.0,1.0,0.0881000014487654
560,node_003,62001804000000.0,187,0.9970425,0.99852127,UNDER_ATTACK,1.0,1.0,0.07920002099126577
561,node_001,122007346000000.0,188,0.9966222,0.9983111,UNDER_ATTACK,1.0,1.0,0.06769999163225293
562,node_002,112002865000000.0,188,0.99653155,0.9982658,UNDER_ATTACK,1.0,1.0,0.05959998816251755
563,node_003,62001804000000.0,188,0.9968556,0.9984278,UNDER_ATTACK,1.0,1.0,0.08139997953549027
564,node_001,122007420000000.0,189,0.99645776,0.99822885,UNDER_ATTACK,1.0,1.0,0.06699998630210757
565,node_002,112002865000000.0,189,0.9961851,0.9980926,UNDER_ATTACK,1.0,1.0,0.07879998884163797
566,node_003,62001804000000.0,189,0.99676514,0.99838257,UNDER_ATTACK,1.0,1.0,0.06050002411939204
567,node_001,122007420000000.0,190,0.9971625,0.99858123,UNDER_ATTACK,1.0,1.0,0.06389999180100858
568,node_002,112002880000000.0,190,0.9965262,0.99826306,UNDER_ATTACK,1.0,1.0,0.06079999729990959
569,node_003,62001804000000.0,190,0.9964281,0.99821407,UNDER_ATTACK,1.0,1.0,0.06220000796020031
570,node_001,122007420000000.0,191,0.99672514,0.9983626,UNDER_ATTACK,1.0,1.0,0.05729999975301325
571,node_002,112002970000000.0,191,0.99681515,0.99840754,UNDER_ATTACK,1.0,1.0,0.07579999510198832
572,node_003,62001804000000.0,191,0.9964818,0.9982409,UNDER_ATTACK,1.0,1.0,0.06439999560825527
573,node_001,122007420000000.0,192,0.9963755,0.9981877,UNDER_ATTACK,1.0,1.0,0.062400009483098984
574,node_002,112002970000000.0,192,0.9964682,0.9982341,UNDER_ATTACK,1.0,1.0,0.07840001489967108
575,node_003,62001867000000.0,192,0.99720323,0.9986016,UNDER_ATTACK,1.0,1.0,0.07999999797903001
576,node_001,122007420000000.0,193,0.99656963,0.9982848,UNDER_ATTACK,1.0,1.0,0.07069998537190259
577,node_002,112002970000000.0,193,0.99670595,0.99835294,UNDER_ATTACK,1.0,1.0,0.0633999879937619
578,node_003,62001870000000.0,193,0.9965838,0.9982919,UNDER_ATTACK,1.0,1.0,0.06229997961781919
579,node_001,122007710000000.0,194,0.9971957,0.99859786,UNDER_ATTACK,1.0,1.0,0.061400001868605614
580,node_002,112002970000000.0,194,0.99639124,0.9981956,UNDER_ATTACK,1.0,1.0,0.06399999256245792
581,node_003,62001870000000.0,194,0.99617994,0.99808997,UNDER_ATTACK,1.0,1.0,0.06329998723231256
582,node_001,122007710000000.0,195,0.9961433,0.9980716,UNDER_ATTACK,1.0,1.0,0.05840000812895596
583,node_002,112002970000000.0,195,0.99702305,0.9985115,UNDER_ATTACK,1.0,1.0,0.06059999577701092
584,node_003,62001870000000.0,195,0.996855,0.9984275,UNDER_ATTACK,1.0,1.0,0.06210000719875097
585,node_001,122007715000000.0,196,0.9969902,0.9984951,UNDER_ATTACK,1.0,1.0,0.06330001633614302
586,node_002,112002970000000.0,196,0.99681157,0.99840575,UNDER_ATTACK,1.0,1.0,0.0813000078778714
587,node_003,62001870000000.0,196,0.99619424,0.9980971,UNDER_ATTACK,1.0,1.0,0.09010001667775214
588,node_001,122007715000000.0,197,0.9965444,0.99827224,UNDER_ATTACK,1.0,1.0,0.06330001633614302
589,node_002,112002970000000.0,197,0.9961863,0.9980932,UNDER_ATTACK,1.0,1.0,0.06540000322274864
590,node_003,62001870000000.0,197,0.99682534,0.99841267,UNDER_ATTACK,1.0,1.0,0.06309998570941389
591,node_001,122007715000000.0,198,0.9970957,0.99854785,UNDER_ATTACK,1.0,1.0,0.06429999484680593
592,node_002,112003000000000.0,198,0.99668354,0.99834174,UNDER_ATTACK,1.0,1.0,0.06370001938194036
593,node_003,62001890000000.0,198,0.99712366,0.9985618,UNDER_ATTACK,1.0,1.0,0.06470002699643373
594,node_001,122007715000000.0,199,0.99636626,0.99818313,UNDER_ATTACK,1.0,1.0,0.12149999383836985
595,node_002,112003000000000.0,199,0.996269,0.9981345,UNDER_ATTACK,1.0,1.0,0.14399999054148793
596,node_003,62001890000000.0,199,0.9967849,0.99839246,UNDER_ATTACK,1.0,1.0,0.08689999231137335
597,node_001,122007715000000.0,200,0.9967313,0.99836564,UNDER_ATTACK,1.0,1.0,0.06960000609979033
598,node_002,112003000000000.0,200,0.9965096,0.99825484,UNDER_ATTACK,1.0,1.0,0.11990001075901091
599,node_003,62001890000000.0,200,0.99677783,0.99838895,UNDER_ATTACK,1.0,1.0,0.08480000542476773
600,node_001,122007715000000.0,201,0.9964522,0.9982261,UNDER_ATTACK,1.0,1.0,0.08699999307282269
601,node_002,112003000000000.0,201,0.99644643,0.99822325,UNDER_ATTACK,1.0,1.0,0.06739998934790492
602,node_003,62001970000000.0,201,0.9965043,0.99825215,UNDER_ATTACK,1.0,1.0,0.06910000229254365
603,node_001,122007720000000.0,202,0.99702495,0.99851245,UNDER_ATTACK,1.0,1.0,0.08019999950192869
604,node_002,112003000000000.0,202,0.9965585,0.9982793,UNDER_ATTACK,1.0,1.0,0.0701999815646559
605,node_003,62001970000000.0,202,0.99662435,0.9983122,UNDER_ATTACK,1.0,1.0,0.07670000195503235
606,node_001,122007720000000.0,203,0.9962702,0.9981351,UNDER_ATTACK,1.0,1.0,0.07690000347793102
607,node_002,112003000000000.0,203,0.99687636,0.9984382,UNDER_ATTACK,1.0,1.0,0.07840001489967108
608,node_003,62001970000000.0,203,0.99637777,0.9981889,UNDER_ATTACK,1.0,1.0,0.06210000719875097
609,node_001,122007720000000.0,204,0.997131,0.9985655,UNDER_ATTACK,1.0,1.0,0.062000006437301636
610,node_002,112003000000000.0,204,0.99675083,0.9983754,UNDER_ATTACK,1.0,1.0,0.05989999044686556
611,node_003,62001970000000.0,204,0.9965823,0.9982912,UNDER_ATTACK,1.0,1.0,0.06479999865405262
612,node_001,122007720000000.0,205,0.9960329,0.9980164,UNDER_ATTACK,1.0,1.0,0.0974999857135117
613,node_002,116003020000000.0,205,0.99696904,0.99848455,UNDER_ATTACK,1.0,1.0,0.08549998165108263
614,node_003,62001970000000.0,205,0.9971245,0.9985623,UNDER_ATTACK,1.0,1.0,0.07569999434053898
615,node_001,122007720000000.0,206,0.9965423,0.99827117,UNDER_ATTACK,1.0,1.0,0.056599994422867894
616,node_002,116003020000000.0,206,0.9968532,0.9984266,UNDER_ATTACK,1.0,1.0,0.11019999510608613
617,node_003,62002000000000.0,206,0.996768,0.998384,UNDER_ATTACK,1.0,1.0,0.08319999324157834
618,node_001,122007720000000.0,207,0.9968118,0.9984059,UNDER_ATTACK,1.0,1.0,0.07399998139590025
619,node_002,116003020000000.0,207,0.9962823,0.9981411,UNDER_ATTACK,1.0,1.0,0.07090001599863172
620,node_003,62002000000000.0,207,0.9959496,0.9979748,UNDER_ATTACK,1.0,1.0,0.06520000169984996
621,node_001,122007720000000.0,208,0.99703836,0.9985192,UNDER_ATTACK,1.0,1.0,0.06890000076964498
622,node_002,116003020000000.0,208,0.9971944,0.9985972,UNDER_ATTACK,1.0,1.0,0.06880000000819564
623,node_003,66002030000000.0,208,0.9966695,0.9983347,UNDER_ATTACK,1.0,1.0,0.07090001599863172
624,node_001,126007864000000.0,209,0.9969199,0.99845994,UNDER_ATTACK,1.0,1.0,0.07769998046569526
625,node_002,116003020000000.0,209,0.9970054,0.9985027,UNDER_ATTACK,1.0,1.0,0.07589999586343765
626,node_003,70002057000000.0,209,0.9973295,0.99866474,UNDER_ATTACK,1.0,1.0,0.07529999129474163
627,node_001,126007920000000.0,210,0.9964812,0.9982406,UNDER_ATTACK,1.0,1.0,0.06920000305399299
628,node_002,116003520000000.0,210,0.996425,0.9982125,UNDER_ATTACK,1.0,1.0,0.06469999789260328
629,node_003,70002130000000.0,210,0.9966499,0.99832493,UNDER_ATTACK,1.0,1.0,0.06180000491440296
630,node_001,126007920000000.0,211,0.99620205,0.99810106,UNDER_ATTACK,1.0,1.0,0.08359999628737569
631,node_002,116003520000000.0,211,0.9968381,0.99841905,UNDER_ATTACK,1.0,1.0,0.08120000711642206
632,node_003,70002130000000.0,211,0.9943117,0.99715585,UNDER_ATTACK,1.0,1.0,0.08530000923201442
633,node_001,126007920000000.0,212,0.997083,0.99854153,UNDER_ATTACK,1.0,1.0,0.0653000024612993
634,node_002,116003520000000.0,212,0.99719596,0.998598,UNDER_ATTACK,1.0,1.0,0.06550000398419797
635,node_003,70002130000000.0,212,0.9961648,0.9980824,UNDER_ATTACK,1.0,1.0,0.06629998097196221
636,node_001,126007920000000.0,213,0.9969388,0.9984694,UNDER_ATTACK,1.0,1.0,0.06930000381544232
637,node_002,116003520000000.0,213,0.99686974,0.99843484,UNDER_ATTACK,1.0,1.0,0.06580000626854599
638,node_003,70002210000000.0,213,0.99675316,0.99837655,UNDER_ATTACK,1.0,1.0,0.06500000017695129
639,node_001,126007920000000.0,214,0.99714726,0.9985736,UNDER_ATTACK,1.0,1.0,0.07459998596459627
640,node_002,116003790000000.0,214,0.9965843,0.99829215,UNDER_ATTACK,1.0,1.0,0.13249999028630555
641,node_003,70002210000000.0,214,0.9962978,0.99814886,UNDER_ATTACK,1.0,1.0,0.08690002141520381
642,node_001,126007930000000.0,215,0.99713093,0.9985655,UNDER_ATTACK,1.0,1.0,0.08480000542476773
643,node_002,116003840000000.0,215,0.997138,0.998569,UNDER_ATTACK,1.0,1.0,0.08830000297166407
644,node_003,70002305000000.0,215,0.9940105,0.9970053,UNDER_ATTACK,1.0,1.0,0.10030000703409314
645,node_001,126007930000000.0,216,0.9962379,0.99811894,UNDER_ATTACK,1.0,1.0,0.08440000237897038
646,node_002,116003840000000.0,216,0.9972574,0.9986287,UNDER_ATTACK,1.0,1.0,0.08769999840296805
647,node_003,70002305000000.0,216,0.99623626,0.9981181,UNDER_ATTACK,1.0,1.0,0.09050001972354949
648,node_001,126007930000000.0,217,0.99332047,0.99666023,UNDER_ATTACK,1.0,1.0,0.05829997826367617
649,node_002,116003840000000.0,217,0.99707854,0.99853927,UNDER_ATTACK,1.0,1.0,0.06839999696239829
650,node_003,70002350000000.0,217,0.9940527,0.9970264,UNDER_ATTACK,1.0,1.0,0.06409999332390726
651,node_001,126007930000000.0,218,0.9968665,0.9984333,UNDER_ATTACK,1.0,1.0,0.06329998723231256
652,node_002,116003840000000.0,218,0.99724764,0.9986238,UNDER_ATTACK,1.0,1.0,0.07239999831654131
653,node_003,70002350000000.0,218,0.99569255,0.9978463,UNDER_ATTACK,1.0,1.0,0.07270000060088933
654,node_001,126007930000000.0,219,0.995526,0.997763,UNDER_ATTACK,1.0,1.0,0.07219999679364264
655,node_002,116003900000000.0,219,0.9972066,0.9986033,UNDER_ATTACK,1.0,1.0,0.06059999577701092
656,node_003,70002350000000.0,219,0.9969447,0.9984724,UNDER_ATTACK,1.0,1.0,0.07700000423938036
657,node_001,126007930000000.0,220,0.9957312,0.9978656,UNDER_ATTACK,1.0,1.0,0.0706000137142837
658,node_002,116003900000000.0,220,0.99572575,0.9978629,UNDER_ATTACK,1.0,1.0,0.06540000322274864
659,node_003,70002350000000.0,220,0.99633163,0.9981658,UNDER_ATTACK,1.0,1.0,0.06079999729990959
660,node_001,126007930000000.0,221,0.9963025,0.99815124,UNDER_ATTACK,1.0,1.0,0.056899996707215905
661,node_002,116003900000000.0,221,0.99664044,0.9983202,UNDER_ATTACK,1.0,1.0,0.06990000838413835
662,node_003,70002350000000.0,221,0.9970444,0.9985222,UNDER_ATTACK,1.0,1.0,0.06070002564229071
663,node_001,126007930000000.0,222,0.9964785,0.9982392,UNDER_ATTACK,1.0,1.0,0.06220000796020031
664,node_002,116003900000000.0,222,0.9964619,0.998231,UNDER_ATTACK,1.0,1.0,0.06330001633614302
665,node_003,70002350000000.0,222,0.9967236,0.99836177,UNDER_ATTACK,1.0,1.0,0.06990000838413835
666,node_001,126007930000000.0,223,0.9969296,0.99846476,UNDER_ATTACK,1.0,1.0,0.056899996707215905
667,node_002,116003900000000.0,223,0.9962334,0.9981167,UNDER_ATTACK,1.0,1.0,0.057600002037361264
668,node_003,70002350000000.0,223,0.9970994,0.9985497,UNDER_ATTACK,1.0,1.0,0.062400009483098984
669,node_001,126007930000000.0,224,0.9967019,0.9983509,UNDER_ATTACK,1.0,1.0,0.06180000491440296
670,node_002,116003900000000.0,224,0.99698514,0.99849254,UNDER_ATTACK,1.0,1.0,0.07309997454285622
671,node_003,70002350000000.0,224,0.9970439,0.998522,UNDER_ATTACK,1.0,1.0,0.07199999527074397
672,node_001,126007930000000.0,225,0.996393,0.99819654,UNDER_ATTACK,1.0,1.0,0.07059998461045325
673,node_002,116003900000000.0,225,0.99715745,0.9985787,UNDER_ATTACK,1.0,1.0,0.06489999941550195
674,node_003,70002350000000.0,225,0.9965258,0.99826294,UNDER_ATTACK,1.0,1.0,0.06399999256245792
675,node_001,126007930000000.0,226,0.9969362,0.9984681,UNDER_ATTACK,1.0,1.0,0.06050002411939204
676,node_002,116003950000000.0,226,0.9965635,0.9982818,UNDER_ATTACK,1.0,1.0,0.06299998494796455
677,node_003,70002350000000.0,226,0.9952571,0.9976285,UNDER_ATTACK,1.0,1.0,0.06640001083724201
678,node_001,126007965000000.0,227,0.9973297,0.99866486,UNDER_ATTACK,1.0,1.0,0.06059999577701092
679,node_002,116003950000000.0,227,0.9966382,0.9983191,UNDER_ATTACK,1.0,1.0,0.06439999560825527
680,node_003,70002350000000.0,227,0.99548197,0.997741,UNDER_ATTACK,1.0,1.0,0.06260001100599766
681,node_001,126007965000000.0,228,0.99680114,0.99840057,UNDER_ATTACK,1.0,1.0,0.06360001862049103
682,node_002,116003950000000.0,228,0.99649173,0.9982459,UNDER_ATTACK,1.0,1.0,0.06340001709759235
683,node_003,70002350000000.0,228,0.9964101,0.998205,UNDER_ATTACK,1.0,1.0,0.0737000082153827
684,node_001,126007965000000.0,229,0.99660033,0.99830014,UNDER_ATTACK,1.0,1.0,0.079699995694682
685,node_002,116003950000000.0,229,0.9938459,0.9969229,UNDER_ATTACK,1.0,1.0,0.07769998046569526
686,node_003,80002624000000.0,229,0.99665314,0.9983266,UNDER_ATTACK,1.0,1.0,0.069500005338341
687,node_001,126007965000000.0,230,0.9960168,0.99800843,UNDER_ATTACK,1.0,1.0,0.304599991068244
688,node_002,116003950000000.0,230,0.99677026,0.99838513,UNDER_ATTACK,1.0,1.0,0.0889000075403601
689,node_003,80002624000000.0,230,0.9973158,0.9986579,UNDER_ATTACK,1.0,1.0,0.08030000026337802
690,node_001,126007965000000.0,231,0.9971022,0.9985511,UNDER_ATTACK,1.0,1.0,0.12019998393952847
691,node_002,120003970000000.0,231,0.9968636,0.9984318,UNDER_ATTACK,1.0,1.0,0.06940000457689166
692,node_003,80002630000000.0,231,0.9972107,0.9986053,UNDER_ATTACK,1.0,1.0,0.06439999560825527
693,node_001,126007965000000.0,232,0.997174,0.998587,UNDER_ATTACK,1.0,1.0,0.06510000093840063
694,node_002,120004240000000.0,232,0.99681133,0.99840564,UNDER_ATTACK,1.0,1.0,0.0638000201433897
695,node_003,80002630000000.0,232,0.9934098,0.9967049,UNDER_ATTACK,1.0,1.0,0.06650001159869134
696,node_001,126007965000000.0,233,0.9968465,0.9984233,UNDER_ATTACK,1.0,1.0,0.06540000322274864
697,node_002,120004240000000.0,233,0.9960633,0.9980317,UNDER_ATTACK,1.0,1.0,0.07080001523718238
698,node_003,80002630000000.0,233,0.99670607,0.99835306,UNDER_ATTACK,1.0,1.0,0.06479999865405262
699,node_001,130007970000000.0,234,0.99684733,0.99842364,UNDER_ATTACK,1.0,1.0,0.20280000171624124
700,node_002,120004240000000.0,234,0.99649745,0.99824876,UNDER_ATTACK,1.0,1.0,0.07010000990703702
701,node_003,80002630000000.0,234,0.9962696,0.9981348,UNDER_ATTACK,1.0,1.0,0.06550000398419797
702,node_001,130007970000000.0,235,0.996354,0.998177,UNDER_ATTACK,1.0,1.0,0.06269998266361654
703,node_002,120004240000000.0,235,0.99691355,0.9984568,UNDER_ATTACK,1.0,1.0,0.07330000516958535
704,node_003,80002630000000.0,235,0.9969283,0.99846417,UNDER_ATTACK,1.0,1.0,0.08189998334273696
705,node_001,130007970000000.0,236,0.99685633,0.99842817,UNDER_ATTACK,1.0,1.0,0.09210000280290842
706,node_002,120004240000000.0,236,0.9935953,0.9967976,UNDER_ATTACK,1.0,1.0,0.06279998342506588
707,node_003,80002630000000.0,236,0.9969116,0.9984558,UNDER_ATTACK,1.0,1.0,0.06500000017695129
708,node_001,130007970000000.0,237,0.99619955,0.99809974,UNDER_ATTACK,1.0,1.0,0.0644999963697046
709,node_002,120004240000000.0,237,0.99686414,0.9984321,UNDER_ATTACK,1.0,1.0,0.06389999180100858
710,node_003,80002630000000.0,237,0.9939943,0.9969972,UNDER_ATTACK,1.0,1.0,0.08410000009462237
711,node_001,130007970000000.0,238,0.99625516,0.9981276,UNDER_ATTACK,1.0,1.0,0.0703000114299357
712,node_002,120004240000000.0,238,0.9969177,0.99845886,UNDER_ATTACK,1.0,1.0,0.06439999560825527
713,node_003,80003035000000.0,238,0.9962388,0.9981194,UNDER_ATTACK,1.0,1.0,0.0644999963697046
714,node_001,134007990000000.0,239,0.99667406,0.99833703,UNDER_ATTACK,1.0,1.0,0.06199997733347118
715,node_002,120004240000000.0,239,0.9966719,0.99833596,UNDER_ATTACK,1.0,1.0,0.06500000017695129
716,node_003,80003035000000.0,239,0.99720097,0.9986005,UNDER_ATTACK,1.0,1.0,0.062700011767447
717,node_001,134008240000000.0,240,0.99665254,0.99832624,UNDER_ATTACK,1.0,1.0,0.06489999941550195
718,node_002,120004240000000.0,240,0.9963612,0.99818057,UNDER_ATTACK,1.0,1.0,0.06160000339150429
719,node_003,80003035000000.0,240,0.9966092,0.9983046,UNDER_ATTACK,1.0,1.0,0.0672000169288367
720,node_001,134008240000000.0,241,0.9970119,0.99850595,UNDER_ATTACK,1.0,1.0,0.06429999484680593
721,node_002,120004255000000.0,241,0.99397945,0.9969897,UNDER_ATTACK,1.0,1.0,0.06479999865405262
722,node_003,80003035000000.0,241,0.99690634,0.9984532,UNDER_ATTACK,1.0,1.0,0.0644999963697046
723,node_001,138008250000000.0,242,0.99666375,0.99833184,UNDER_ATTACK,1.0,1.0,0.06210000719875097
724,node_002,120004255000000.0,242,0.9964914,0.99824566,UNDER_ATTACK,1.0,1.0,0.06369999027810991
725,node_003,80003035000000.0,242,0.99657154,0.9982858,UNDER_ATTACK,1.0,1.0,0.06410002242773771
726,node_001,138008250000000.0,243,0.99596775,0.9979839,UNDER_ATTACK,1.0,1.0,0.06120000034570694
727,node_002,120004255000000.0,243,0.99708813,0.99854404,UNDER_ATTACK,1.0,1.0,0.06089999806135893
728,node_003,84003060000000.0,243,0.99726945,0.99863476,UNDER_ATTACK,1.0,1.0,0.05590001819655299
729,node_001,138008250000000.0,244,0.99709094,0.99854547,UNDER_ATTACK,1.0,1.0,0.05870001041330397
730,node_002,120004255000000.0,244,0.99649054,0.9982453,UNDER_ATTACK,1.0,1.0,0.06120000034570694
731,node_003,84003330000000.0,244,0.99682105,0.9984105,UNDER_ATTACK,1.0,1.0,0.05870001041330397
732,node_001,138008250000000.0,245,0.99664426,0.9983221,UNDER_ATTACK,1.0,1.0,0.05950001650489867
733,node_002,120004280000000.0,245,0.99639136,0.9981957,UNDER_ATTACK,1.0,1.0,0.0641999940853566
734,node_003,84003330000000.0,245,0.9964199,0.99820995,UNDER_ATTACK,1.0,1.0,0.06640001083724201
735,node_001,142008280000000.0,246,0.99722373,0.99861187,UNDER_ATTACK,1.0,1.0,0.061700004152953625
736,node_002,124004300000000.0,246,0.99724907,0.9986245,UNDER_ATTACK,1.0,1.0,0.06199997733347118
737,node_003,84003330000000.0,246,0.99705505,0.9985275,UNDER_ATTACK,1.0,1.0,0.06220000796020031
738,node_001,142008280000000.0,247,0.9971,0.99855,UNDER_ATTACK,1.0,1.0,0.06340001709759235
739,node_002,128004310000000.0,247,0.99724233,0.99862117,UNDER_ATTACK,1.0,1.0,0.09330001194030046
740,node_003,84003330000000.0,247,0.99680614,0.9984031,UNDER_ATTACK,1.0,1.0,0.07989999721758068
741,node_001,142008280000000.0,248,0.9962102,0.9981051,UNDER_ATTACK,1.0,1.0,0.06779999239370227
742,node_002,128004390000000.0,248,0.9972063,0.99860317,UNDER_ATTACK,1.0,1.0,0.06279998342506588
743,node_003,88003350000000.0,248,0.9973097,0.99865484,UNDER_ATTACK,1.0,1.0,0.05929998587816954
744,node_001,142008280000000.0,249,0.9969797,0.99848986,UNDER_ATTACK,1.0,1.0,0.06010002107359469
745,node_002,128004390000000.0,249,0.9962113,0.99810565,UNDER_ATTACK,1.0,1.0,0.06330001633614302
746,node_003,88003350000000.0,249,0.9971179,0.99855894,UNDER_ATTACK,1.0,1.0,0.06750001921318471
747,node_001,142008280000000.0,250,0.9965629,0.9982814,UNDER_ATTACK,1.0,1.0,0.07770000956952572
748,node_002,128004390000000.0,250,0.99655604,0.998278,UNDER_ATTACK,1.0,1.0,0.08399999933317304
749,node_003,88003350000000.0,250,0.9964869,0.99824345,UNDER_ATTACK,1.0,1.0,0.08490000618621707
750,node_001,142008280000000.0,251,0.99685967,0.99842983,UNDER_ATTACK,1.0,1.0,0.07429998368024826
751,node_002,128004390000000.0,251,0.99708563,0.99854285,UNDER_ATTACK,1.0,1.0,0.08109997725114226
752,node_003,88003350000000.0,251,0.99633837,0.9981692,UNDER_ATTACK,1.0,1.0,0.07829998503439128
753,node_001,142008350000000.0,252,0.99666226,0.9983311,UNDER_ATTACK,1.0,1.0,0.08460000390186906
754,node_002,128004390000000.0,252,0.9967694,0.9983847,UNDER_ATTACK,1.0,1.0,0.07950002327561378
755,node_003,88003350000000.0,252,0.9968928,0.9984464,UNDER_ATTACK,1.0,1.0,0.07079998613335192
756,node_001,142008350000000.0,253,0.9970515,0.99852574,UNDER_ATTACK,1.0,1.0,0.06719998782500625
757,node_002,128004390000000.0,253,0.99684405,0.998422,UNDER_ATTACK,1.0,1.0,0.06660001236014068
758,node_003,88003350000000.0,253,0.99653494,0.9982675,UNDER_ATTACK,1.0,1.0,0.06670001312159002
759,node_001,142008350000000.0,254,0.99700683,0.9985034,UNDER_ATTACK,1.0,1.0,0.06740001845173538
760,node_002,128004390000000.0,254,0.9963031,0.99815154,UNDER_ATTACK,1.0,1.0,0.07059998461045325
761,node_003,88003350000000.0,254,0.99682367,0.99841183,UNDER_ATTACK,1.0,1.0,0.06769999163225293
762,node_001,142008350000000.0,255,0.9960846,0.9980423,UNDER_ATTACK,1.0,1.0,0.07419998291879892
763,node_002,132004410000000.0,255,0.994331,0.9971655,UNDER_ATTACK,1.0,1.0,0.07539999205619097
764,node_003,88003350000000.0,255,0.99702495,0.99851245,UNDER_ATTACK,1.0,1.0,0.07489998824894428
765,node_001,142008350000000.0,256,0.9971079,0.99855393,UNDER_ATTACK,1.0,1.0,0.08899997919797897
766,node_002,132004410000000.0,256,0.9960849,0.99804246,UNDER_ATTACK,1.0,1.0,0.060699996538460255
767,node_003,88003350000000.0,256,0.9963617,0.9981808,UNDER_ATTACK,1.0,1.0,0.056599994422867894
768,node_001,142008350000000.0,257,0.9942794,0.9971397,UNDER_ATTACK,1.0,1.0,0.09869999485090375
769,node_002,132004410000000.0,257,0.99706995,0.998535,UNDER_ATTACK,1.0,1.0,0.07419998291879892
770,node_003,92003375000000.0,257,0.99723095,0.99861544,UNDER_ATTACK,1.0,1.0,0.0847000046633184
771,node_001,142008350000000.0,258,0.99693966,0.9984698,UNDER_ATTACK,1.0,1.0,0.06590000702999532
772,node_002,132004410000000.0,258,0.996912,0.998456,UNDER_ATTACK,1.0,1.0,0.06469999789260328
773,node_003,92003375000000.0,258,0.9967649,0.99838245,UNDER_ATTACK,1.0,1.0,0.06479999865405262
774,node_001,142008350000000.0,259,0.9961051,0.99805254,UNDER_ATTACK,1.0,1.0,0.06439999560825527
775,node_002,132041520000000.0,259,0.9965353,0.99826765,UNDER_ATTACK,1.0,1.0,0.06379999103955925
776,node_003,92003375000000.0,259,0.9968136,0.9984068,UNDER_ATTACK,1.0,0.0,0.06589997792616487
777,node_001,142008350000000.0,260,0.9968449,0.99842244,UNDER_ATTACK,1.0,1.0,0.07490001735277474
778,node_002,132041520000000.0,260,0.9973126,0.99865633,UNDER_ATTACK,1.0,1.0,0.079699995694682
779,node_003,92003430000000.0,260,0.9966419,0.99832094,UNDER_ATTACK,1.0,1.0,0.06399999256245792
780,node_001,142008350000000.0,261,0.9960265,0.99801326,UNDER_ATTACK,1.0,1.0,0.07460001506842673
781,node_002,132041520000000.0,261,0.99625105,0.9981255,UNDER_ATTACK,1.0,1.0,0.0811999780125916
782,node_003,92003430000000.0,261,0.9964227,0.9982113,UNDER_ATTACK,1.0,1.0,0.07229999755509198
783,node_001,142008350000000.0,262,0.997095,0.9985475,UNDER_ATTACK,1.0,1.0,0.06459999713115394
784,node_002,132041520000000.0,262,0.9966863,0.99834317,UNDER_ATTACK,1.0,1.0,0.06350001785904169
785,node_003,92003430000000.0,262,0.99613625,0.99806815,UNDER_ATTACK,1.0,1.0,0.062400009483098984
786,node_001,142008350000000.0,263,0.99726284,0.9986314,UNDER_ATTACK,1.0,1.0,0.07049998384900391
787,node_002,132041520000000.0,263,0.99686414,0.9984321,UNDER_ATTACK,1.0,1.0,0.25329997879453003
788,node_003,92003430000000.0,263,0.9964324,0.9982162,UNDER_ATTACK,1.0,1.0,0.20000000949949026
789,node_001,142008350000000.0,264,0.99651706,0.99825853,UNDER_ATTACK,1.0,1.0,0.07310000364668667
790,node_002,132041520000000.0,264,0.99633455,0.9981673,UNDER_ATTACK,1.0,1.0,0.08820000221021473
791,node_003,92003430000000.0,264,0.9968502,0.99842507,UNDER_ATTACK,1.0,1.0,0.07329997606575489
792,node_001,142008350000000.0,265,0.9967224,0.9983612,UNDER_ATTACK,1.0,1.0,0.06729998858645558
793,node_002,132041540000000.0,265,0.9970824,0.9985412,UNDER_ATTACK,1.0,1.0,0.06839999696239829
794,node_003,92003430000000.0,265,0.9965377,0.99826884,UNDER_ATTACK,1.0,1.0,0.07229999755509198
795,node_001,142008430000000.0,266,0.99668235,0.99834114,UNDER_ATTACK,1.0,1.0,0.06660001236014068
796,node_002,132041540000000.0,266,0.9966582,0.9983291,UNDER_ATTACK,1.0,1.0,0.07219999679364264
797,node_003,92003430000000.0,266,0.9969367,0.99846834,UNDER_ATTACK,1.0,1.0,0.07119998917914927
798,node_001,142008430000000.0,267,0.996594,0.99829704,UNDER_ATTACK,1.0,1.0,0.06600000779144466
799,node_002,132041540000000.0,267,0.9956156,0.9978078,UNDER_ATTACK,1.0,1.0,0.06479999865405262
800,node_003,92003430000000.0,267,0.9968311,0.9984155,UNDER_ATTACK,1.0,1.0,0.06510000093840063
801,node_001,142008430000000.0,268,0.99714416,0.99857205,UNDER_ATTACK,1.0,1.0,0.05989999044686556
802,node_002,132041550000000.0,268,0.9968759,0.99843794,UNDER_ATTACK,1.0,1.0,0.06059999577701092
803,node_003,92003430000000.0,268,0.9965353,0.99826765,UNDER_ATTACK,1.0,1.0,0.06399999256245792
804,node_001,142008430000000.0,269,0.9966876,0.99834377,UNDER_ATTACK,1.0,1.0,0.06459999713115394
805,node_002,132041550000000.0,269,0.996824,0.998412,UNDER_ATTACK,1.0,1.0,0.07530002039857209
806,node_003,96003440000000.0,269,0.9942268,0.9971134,UNDER_ATTACK,1.0,1.0,0.07700000423938036
807,node_001,142008430000000.0,270,0.996858,0.998429,UNDER_ATTACK,1.0,1.0,0.07389998063445091
808,node_002,132041550000000.0,270,0.99675024,0.9983751,UNDER_ATTACK,1.0,1.0,0.07590002496726811
809,node_003,96003440000000.0,270,0.99623823,0.9981191,UNDER_ATTACK,1.0,1.0,0.07069998537190259
810,node_001,142008430000000.0,271,0.995729,0.99786454,UNDER_ATTACK,1.0,1.0,0.07639999967068434
811,node_002,132041550000000.0,271,0.99671304,0.9983565,UNDER_ATTACK,1.0,1.0,0.07849998655728996
812,node_003,96003440000000.0,271,0.99621814,0.99810904,UNDER_ATTACK,1.0,1.0,0.07909999112598598
813,node_001,146008450000000.0,272,0.9973506,0.9986753,UNDER_ATTACK,1.0,1.0,0.06910000229254365
814,node_002,132041550000000.0,272,0.9964349,0.99821746,UNDER_ATTACK,1.0,1.0,0.06299998494796455
815,node_003,96003440000000.0,272,0.99672544,0.9983627,UNDER_ATTACK,1.0,1.0,0.06329998723231256
816,node_001,146008450000000.0,273,0.99648833,0.99824417,UNDER_ATTACK,1.0,1.0,0.08159998105838895
817,node_002,132041820000000.0,273,0.9941758,0.9970879,UNDER_ATTACK,1.0,1.0,0.07320000440813601
818,node_003,96003440000000.0,273,0.99647707,0.9982385,UNDER_ATTACK,1.0,1.0,0.06469999789260328
819,node_001,146008450000000.0,274,0.9964966,0.9982483,UNDER_ATTACK,1.0,1.0,0.05439997767098248
820,node_002,136041830000000.0,274,0.99720854,0.99860424,UNDER_ATTACK,1.0,1.0,0.05959998816251755
821,node_003,96003440000000.0,274,0.99720544,0.9986027,UNDER_ATTACK,1.0,1.0,0.07270000060088933
822,node_001,146008520000000.0,275,0.9964348,0.9982174,UNDER_ATTACK,1.0,1.0,0.09089999366551638
823,node_002,136041830000000.0,275,0.9963862,0.9981931,UNDER_ATTACK,1.0,1.0,0.06920000305399299
824,node_003,96003440000000.0,275,0.99628913,0.99814457,UNDER_ATTACK,1.0,1.0,0.07559999357908964
825,node_001,146008520000000.0,276,0.9969374,0.9984687,UNDER_ATTACK,1.0,1.0,0.0813000078778714
826,node_002,136041830000000.0,276,0.9973176,0.99865884,UNDER_ATTACK,1.0,1.0,0.0813000078778714
827,node_003,96003440000000.0,276,0.9971818,0.9985909,UNDER_ATTACK,1.0,1.0,0.0678999931551516
828,node_001,146008590000000.0,277,0.99664056,0.9983203,UNDER_ATTACK,1.0,1.0,0.08019999950192869
829,node_002,136041830000000.0,277,0.9964437,0.9982218,UNDER_ATTACK,1.0,1.0,0.07460001506842673
830,node_003,96003440000000.0,277,0.9963827,0.99819136,UNDER_ATTACK,1.0,1.0,0.07979999645613134
831,node_001,146008590000000.0,278,0.9964598,0.9982299,UNDER_ATTACK,1.0,1.0,0.0686999992467463
832,node_002,136041830000000.0,278,0.99683315,0.9984166,UNDER_ATTACK,1.0,1.0,0.06629998097196221
833,node_003,96003440000000.0,278,0.9968836,0.99844176,UNDER_ATTACK,1.0,1.0,0.06990000838413835
834,node_001,146008590000000.0,279,0.9967991,0.99839956,UNDER_ATTACK,1.0,1.0,0.06880000000819564
835,node_002,136041830000000.0,279,0.9965442,0.9982721,UNDER_ATTACK,1.0,1.0,0.06980000762268901
836,node_003,96003500000000.0,279,0.9964585,0.9982292,UNDER_ATTACK,1.0,1.0,0.06699998630210757
837,node_001,146008590000000.0,280,0.99706703,0.99853355,UNDER_ATTACK,1.0,1.0,0.06749999010935426
838,node_002,136041830000000.0,280,0.9964824,0.9982412,UNDER_ATTACK,1.0,1.0,0.06710001616738737
839,node_003,96003500000000.0,280,0.9969008,0.9984504,UNDER_ATTACK,1.0,1.0,0.07880001794546843
840,node_001,146008590000000.0,281,0.9968144,0.9984072,UNDER_ATTACK,1.0,1.0,0.07599999662488699
841,node_002,136041830000000.0,281,0.9963336,0.9981668,UNDER_ATTACK,1.0,1.0,0.06439999560825527
842,node_003,96003500000000.0,281,0.9971451,0.9985725,UNDER_ATTACK,1.0,1.0,0.06500000017695129
843,node_001,146008590000000.0,282,0.9969591,0.99847955,UNDER_ATTACK,1.0,1.0,0.07159999222494662
844,node_002,136041830000000.0,282,0.99674857,0.9983743,UNDER_ATTACK,1.0,1.0,0.08559998241253197
845,node_003,96003500000000.0,282,0.9970759,0.99853796,UNDER_ATTACK,1.0,1.0,0.06719998782500625
846,node_001,146008590000000.0,283,0.99703014,0.99851507,UNDER_ATTACK,1.0,1.0,0.06739998934790492
847,node_002,136041830000000.0,283,0.99680245,0.9984012,UNDER_ATTACK,1.0,1.0,0.06799999391660094
848,node_003,96003500000000.0,283,0.9968381,0.99841905,UNDER_ATTACK,1.0,1.0,0.07239999831654131
849,node_001,146008590000000.0,284,0.9964013,0.99820065,UNDER_ATTACK,1.0,1.0,0.06550000398419797
850,node_002,136041830000000.0,284,0.9972933,0.9986467,UNDER_ATTACK,1.0,1.0,0.062499981140717864
851,node_003,96003500000000.0,284,0.9965139,0.998257,UNDER_ATTACK,1.0,1.0,0.07270000060088933
852,node_001,146008590000000.0,285,0.9957203,0.99786013,UNDER_ATTACK,1.0,1.0,0.08040000102482736
853,node_002,136041830000000.0,285,0.9966678,0.9983339,UNDER_ATTACK,1.0,1.0,0.14980000560171902
854,node_003,96003500000000.0,285,0.99698585,0.9984929,UNDER_ATTACK,1.0,1.0,0.27060002321377397
855,node_001,146008590000000.0,286,0.99614346,0.99807173,UNDER_ATTACK,1.0,1.0,0.18699999782256782
856,node_002,136041830000000.0,286,0.99707353,0.99853677,UNDER_ATTACK,1.0,1.0,0.11059999815188348
857,node_003,96003500000000.0,286,0.99653244,0.9982662,UNDER_ATTACK,1.0,1.0,0.11019999510608613
858,node_001,150008610000000.0,287,0.9969137,0.99845684,UNDER_ATTACK,1.0,1.0,0.1024999946821481
859,node_002,136041830000000.0,287,0.99664813,0.9983241,UNDER_ATTACK,1.0,1.0,0.10380000458098948
860,node_003,96003500000000.0,287,0.9971775,0.99858874,UNDER_ATTACK,1.0,1.0,0.10870001278817654
861,node_001,150008610000000.0,288,0.9965352,0.9982676,UNDER_ATTACK,1.0,1.0,0.10530001600272954
862,node_002,140041855000000.0,288,0.99682045,0.9984102,UNDER_ATTACK,1.0,1.0,0.07589999586343765
863,node_003,96003500000000.0,288,0.996608,0.998304,UNDER_ATTACK,1.0,1.0,0.3066000062972307
864,node_001,150008610000000.0,289,0.996684,0.998342,UNDER_ATTACK,1.0,1.0,0.07940002251416445
865,node_002,140041855000000.0,289,0.9966613,0.99833065,UNDER_ATTACK,1.0,1.0,0.08029997115954757
866,node_003,100003520000000.0,289,0.996852,0.998426,UNDER_ATTACK,1.0,1.0,0.08369999704882503
867,node_001,150008610000000.0,290,0.99643904,0.99821955,UNDER_ATTACK,1.0,1.0,0.08839997462928295
868,node_002,144041860000000.0,290,0.99428046,0.9971402,UNDER_ATTACK,1.0,1.0,0.07490001735277474
869,node_003,100003520000000.0,290,0.99608636,0.9980432,UNDER_ATTACK,1.0,1.0,0.06570000550709665
870,node_001,150008610000000.0,291,0.99711657,0.9985583,UNDER_ATTACK,1.0,1.0,0.06660001236014068
871,node_002,144041860000000.0,291,0.9963702,0.9981851,UNDER_ATTACK,1.0,1.0,0.07599999662488699
872,node_003,100003520000000.0,291,0.99709964,0.9985498,UNDER_ATTACK,1.0,1.0,0.08699999307282269
873,node_001,150008610000000.0,292,0.9968087,0.9984043,UNDER_ATTACK,1.0,1.0,0.07149999146349728
874,node_002,144041860000000.0,292,0.9965089,0.9982545,UNDER_ATTACK,1.0,1.0,0.0756000226829201
875,node_003,100003520000000.0,292,0.99714607,0.998573,UNDER_ATTACK,1.0,1.0,0.08769999840296805
876,node_001,150008610000000.0,293,0.99642855,0.9982143,UNDER_ATTACK,1.0,1.0,0.07180002285167575
877,node_002,144041960000000.0,293,0.9968797,0.99843985,UNDER_ATTACK,1.0,1.0,0.06500000017695129
878,node_003,104003550000000.0,293,0.9966936,0.9983468,UNDER_ATTACK,1.0,1.0,0.06479999865405262
879,node_001,150008610000000.0,294,0.99677104,0.9983855,UNDER_ATTACK,1.0,1.0,0.06560000474564731
880,node_002,144041960000000.0,294,0.99648094,0.9982405,UNDER_ATTACK,1.0,1.0,0.07449998520314693
881,node_003,104003550000000.0,294,0.9966993,0.9983496,UNDER_ATTACK,1.0,1.0,0.08290002006106079
882,node_001,150008610000000.0,295,0.9960551,0.99802756,UNDER_ATTACK,1.0,1.0,0.0672000169288367
883,node_002,144042030000000.0,295,0.9968239,0.99841195,UNDER_ATTACK,1.0,1.0,0.07720000576227903
884,node_003,104003550000000.0,295,0.99664944,0.9983247,UNDER_ATTACK,1.0,1.0,0.06719998782500625
885,node_001,150008610000000.0,296,0.9966619,0.99833095,UNDER_ATTACK,1.0,1.0,0.10209999163635075
886,node_002,144042030000000.0,296,0.9966454,0.99832267,UNDER_ATTACK,1.0,1.0,0.07059998461045325
887,node_003,104003550000000.0,296,0.9936319,0.996816,UNDER_ATTACK,1.0,1.0,0.06630001007579267
888,node_001,150008610000000.0,297,0.9962903,0.99814516,UNDER_ATTACK,1.0,1.0,0.07280000136233866
889,node_002,144042030000000.0,297,0.9969779,0.99848896,UNDER_ATTACK,1.0,1.0,0.06920000305399299
890,node_003,104003550000000.0,297,0.9973084,0.9986542,UNDER_ATTACK,1.0,1.0,0.07529999129474163
891,node_001,150008610000000.0,298,0.99684817,0.9984241,UNDER_ATTACK,1.0,1.0,0.0805000017862767
892,node_002,144042030000000.0,298,0.99715096,0.9985755,UNDER_ATTACK,1.0,1.0,0.06580000626854599
893,node_003,104003550000000.0,298,0.9957579,0.99787897,UNDER_ATTACK,1.0,1.0,0.08210001396946609
894,node_001,150008610000000.0,299,0.99717796,0.998589,UNDER_ATTACK,1.0,1.0,0.07490001735277474
895,node_002,144042030000000.0,299,0.99681085,0.9984054,UNDER_ATTACK,1.0,1.0,0.06670001312159002
896,node_003,104003550000000.0,299,0.9972607,0.99863034,UNDER_ATTACK,1.0,1.0,0.09929999941959977
897,node_001,150008610000000.0,300,0.9970897,0.9985449,UNDER_ATTACK,1.0,1.0,0.05970001802779734
898,node_002,144042030000000.0,300,0.99640924,0.99820465,UNDER_ATTACK,1.0,1.0,0.0570000265724957
899,node_003,104003550000000.0,300,0.9965873,0.99829364,UNDER_ATTACK,1.0,1.0,0.05390000296756625
900,node_001,150008610000000.0,301,0.9963889,0.99819446,UNDER_ATTACK,1.0,1.0,0.0585000088904053
901,node_002,144042030000000.0,301,0.9955525,0.9977762,UNDER_ATTACK,1.0,1.0,0.08120000711642206
902,node_003,104003620000000.0,301,0.99688303,0.9984415,UNDER_ATTACK,1.0,1.0,0.09970000246539712
903,node_001,150008610000000.0,302,0.9971982,0.9985991,UNDER_ATTACK,1.0,1.0,0.07760000880807638
904,node_002,144042030000000.0,302,0.9964079,0.99820393,UNDER_ATTACK,1.0,1.0,0.1303000026382506
905,node_003,104003620000000.0,302,0.9963427,0.9981714,UNDER_ATTACK,1.0,1.0,0.07129998994059861
906,node_001,150008610000000.0,303,0.99667126,0.99833566,UNDER_ATTACK,1.0,1.0,0.09270000737160444
907,node_002,144042030000000.0,303,0.9967542,0.99837714,UNDER_ATTACK,1.0,1.0,0.06379999103955925
908,node_003,104003620000000.0,303,0.9968284,0.9984142,UNDER_ATTACK,1.0,1.0,0.07939999341033399
909,node_001,150008610000000.0,304,0.9969471,0.9984736,UNDER_ATTACK,1.0,1.0,0.06540000322274864
910,node_002,144042030000000.0,304,0.99708074,0.99854034,UNDER_ATTACK,1.0,1.0,0.06459999713115394
911,node_003,104003620000000.0,304,0.99605787,0.99802893,UNDER_ATTACK,1.0,1.0,0.06799999391660094
912,node_001,150008610000000.0,305,0.996398,0.998199,UNDER_ATTACK,1.0,1.0,0.07079998613335192
913,node_002,144042030000000.0,305,0.9972127,0.9986064,UNDER_ATTACK,1.0,1.0,0.0720999960321933
914,node_003,108003690000000.0,305,0.99654204,0.99827105,UNDER_ATTACK,1.0,1.0,1.107100018998608
915,node_001,154008620000000.0,306,0.99724555,0.9986228,UNDER_ATTACK,1.0,1.0,0.07239999831654131
916,node_002,144042030000000.0,306,0.99619746,0.99809873,UNDER_ATTACK,1.0,1.0,0.15040001017041504
917,node_003,108003690000000.0,306,0.99694604,0.998473,UNDER_ATTACK,1.0,1.0,0.06659998325631022
918,node_001,158008630000000.0,307,0.9972276,0.9986138,UNDER_ATTACK,1.0,1.0,0.060600024880841374
919,node_002,144042080000000.0,307,0.99660975,0.9983049,UNDER_ATTACK,1.0,1.0,0.05989999044686556
920,node_003,112003696000000.0,307,0.99679476,0.9983974,UNDER_ATTACK,1.0,1.0,0.05400000372901559
921,node_001,158008630000000.0,308,0.9969216,0.9984608,UNDER_ATTACK,1.0,1.0,0.05900001269765198
922,node_002,144042080000000.0,308,0.9964155,0.99820775,UNDER_ATTACK,1.0,1.0,0.06290001329034567
923,node_003,112003696000000.0,308,0.996852,0.998426,UNDER_ATTACK,1.0,1.0,0.09139999747276306
924,node_001,158008630000000.0,309,0.9968566,0.9984283,UNDER_ATTACK,1.0,1.0,0.0591999851167202
925,node_002,144042080000000.0,309,0.9967173,0.99835867,UNDER_ATTACK,1.0,1.0,0.07539999205619097
926,node_003,112003696000000.0,309,0.9965526,0.9982763,UNDER_ATTACK,1.0,1.0,0.059399986639618874
927,node_001,158008700000000.0,310,0.99447143,0.9972357,UNDER_ATTACK,1.0,1.0,0.058200006606057286
928,node_002,144042080000000.0,310,0.9967051,0.9983526,UNDER_ATTACK,1.0,1.0,0.059399986639618874
929,node_003,112003696000000.0,310,0.9971795,0.99858975,UNDER_ATTACK,1.0,1.0,0.06089999806135893
930,node_001,158008700000000.0,311,0.9966402,0.9983201,UNDER_ATTACK,1.0,1.0,0.0633999879937619
931,node_002,144042080000000.0,311,0.9967986,0.9983993,UNDER_ATTACK,1.0,1.0,0.05930001498199999
932,node_003,112003760000000.0,311,0.9967781,0.99838907,UNDER_ATTACK,1.0,1.0,0.09869999485090375
933,node_001,158008700000000.0,312,0.99696046,0.99848026,UNDER_ATTACK,1.0,1.0,0.061799975810572505
934,node_002,144042080000000.0,312,0.9959758,0.9979879,UNDER_ATTACK,1.0,1.0,0.05879998207092285
935,node_003,112003830000000.0,312,0.99728096,0.9986405,UNDER_ATTACK,1.0,1.0,0.06269998266361654
936,node_001,158008700000000.0,313,0.99570775,0.9978539,UNDER_ATTACK,1.0,1.0,0.061700004152953625
937,node_002,144042080000000.0,313,0.99636614,0.9981831,UNDER_ATTACK,1.0,1.0,0.05840000812895596
938,node_003,112003830000000.0,313,0.9970343,0.99851716,UNDER_ATTACK,1.0,1.0,0.059699988923966885
939,node_001,158008700000000.0,314,0.9963201,0.99816006,UNDER_ATTACK,1.0,1.0,0.059999991208314896
940,node_002,144042080000000.0,314,0.9967483,0.99837416,UNDER_ATTACK,1.0,1.0,0.060399994254112244
941,node_003,112003830000000.0,314,0.99683565,0.9984178,UNDER_ATTACK,1.0,1.0,0.06500000017695129
942,node_001,158008700000000.0,315,0.9956781,0.99783903,UNDER_ATTACK,1.0,1.0,0.06290001329034567
943,node_002,144042080000000.0,315,0.9967932,0.9983966,UNDER_ATTACK,1.0,1.0,0.05989999044686556
944,node_003,112003830000000.0,315,0.99700975,0.9985049,UNDER_ATTACK,1.0,1.0,0.06640001083724201
945,node_001,158008700000000.0,316,0.99615675,0.9980784,UNDER_ATTACK,1.0,1.0,0.05810000584460795
946,node_002,144042080000000.0,316,0.99722517,0.9986126,UNDER_ATTACK,1.0,1.0,0.18510001245886087
947,node_003,112003830000000.0,316,0.99625957,0.9981298,UNDER_ATTACK,1.0,1.0,0.6987000233493745
948,node_001,158008700000000.0,317,0.9964443,0.9982222,UNDER_ATTACK,1.0,1.0,0.6213999877218157
949,node_002,144042080000000.0,317,0.9968843,0.9984421,UNDER_ATTACK,1.0,1.0,0.1086000120267272
950,node_003,112003830000000.0,317,0.99711347,0.99855673,UNDER_ATTACK,1.0,1.0,0.07830001413822174
951,node_001,158008700000000.0,318,0.9969459,0.998473,UNDER_ATTACK,1.0,1.0,0.06469999789260328
952,node_002,144042080000000.0,318,0.9972077,0.9986039,UNDER_ATTACK,1.0,1.0,0.0653000024612993
953,node_003,112003830000000.0,318,0.9965996,0.9982998,UNDER_ATTACK,1.0,1.0,0.06520000169984996
954,node_001,158008700000000.0,319,0.99421906,0.99710953,UNDER_ATTACK,1.0,1.0,0.06389999180100858
955,node_002,144042080000000.0,319,0.9965094,0.9982547,UNDER_ATTACK,1.0,1.0,0.06150000263005495
956,node_003,112003830000000.0,319,0.9965249,0.99826247,UNDER_ATTACK,1.0,1.0,0.10579999070614576
957,node_001,158008700000000.0,320,0.9967127,0.99835634,UNDER_ATTACK,1.0,1.0,0.06639998173341155
958,node_002,144042080000000.0,320,0.9965334,0.9982667,UNDER_ATTACK,1.0,1.0,0.06089999806135893
959,node_003,112003830000000.0,320,0.99732155,0.99866074,UNDER_ATTACK,1.0,1.0,0.06769999163225293
960,node_001,158008700000000.0,321,0.9964742,0.9982371,UNDER_ATTACK,1.0,1.0,0.06120000034570694
961,node_002,144042080000000.0,321,0.99720913,0.9986046,UNDER_ATTACK,1.0,1.0,0.059999991208314896
962,node_003,112003830000000.0,321,0.9957444,0.9978722,UNDER_ATTACK,1.0,1.0,0.06079999729990959
963,node_001,158008700000000.0,322,0.99646384,0.99823195,UNDER_ATTACK,1.0,1.0,0.05609999061562121
964,node_002,144042080000000.0,322,0.9967675,0.99838376,UNDER_ATTACK,1.0,1.0,0.057199998991563916
965,node_003,112003830000000.0,322,0.99630666,0.9981533,UNDER_ATTACK,1.0,1.0,0.05970001802779734
966,node_001,158008700000000.0,323,0.99630356,0.9981518,UNDER_ATTACK,1.0,1.0,0.059999991208314896
967,node_002,144042080000000.0,323,0.99652356,0.99826175,UNDER_ATTACK,1.0,1.0,0.05639999289996922
968,node_003,112003830000000.0,323,0.9961106,0.9980553,UNDER_ATTACK,1.0,1.0,0.05809997674077749
969,node_001,158008700000000.0,324,0.99608874,0.9980444,UNDER_ATTACK,1.0,1.0,0.05949998740106821
970,node_002,144042080000000.0,324,0.9971167,0.99855834,UNDER_ATTACK,1.0,1.0,0.056899996707215905
971,node_003,112003830000000.0,324,0.99703026,0.9985151,UNDER_ATTACK,1.0,1.0,0.14310001279227436
972,node_001,158008700000000.0,325,0.997127,0.99856347,UNDER_ATTACK,1.0,1.0,0.1419000036548823
973,node_002,144042080000000.0,325,0.99715245,0.9985762,UNDER_ATTACK,1.0,1.0,0.07999999797903001
974,node_003,112003905000000.0,325,0.9964407,0.9982204,UNDER_ATTACK,1.0,1.0,0.07500001811422408
975,node_001,162008720000000.0,326,0.997279,0.9986395,UNDER_ATTACK,1.0,1.0,0.06999998004175723
976,node_002,144042080000000.0,326,0.9962895,0.99814475,UNDER_ATTACK,1.0,1.0,0.05809997674077749
977,node_003,112003905000000.0,326,0.9969806,0.9984903,UNDER_ATTACK,1.0,1.0,0.057600002037361264
978,node_001,162008780000000.0,327,0.99686605,0.99843305,UNDER_ATTACK,1.0,1.0,0.05540001438930631
979,node_002,148042140000000.0,327,0.9969252,0.9984626,UNDER_ATTACK,1.0,1.0,0.05490001058205962
980,node_003,112003905000000.0,327,0.9970561,0.99852806,UNDER_ATTACK,1.0,1.0,0.057900004321709275
981,node_001,162009050000000.0,328,0.9964026,0.9982013,UNDER_ATTACK,1.0,1.0,0.05570001667365432
982,node_002,148042200000000.0,328,0.9966434,0.9983217,UNDER_ATTACK,1.0,1.0,0.0641999940853566
983,node_003,112003905000000.0,328,0.9970907,0.99854535,UNDER_ATTACK,1.0,1.0,0.08219998562708497
984,node_001,162009050000000.0,329,0.9972037,0.99860185,UNDER_ATTACK,1.0,1.0,0.058699981309473515
985,node_002,148042200000000.0,329,0.9964485,0.99822426,UNDER_ATTACK,1.0,1.0,0.055899989092722535
986,node_003,112003905000000.0,329,0.99645233,0.99822617,UNDER_ATTACK,1.0,1.0,0.05780000356025994
987,node_001,162009070000000.0,330,0.9967133,0.99835664,UNDER_ATTACK,1.0,1.0,0.054800009820610285
988,node_002,152042230000000.0,330,0.99724716,0.99862355,UNDER_ATTACK,1.0,1.0,0.056100019719451666
989,node_003,116003930000000.0,330,0.99724674,0.9986234,UNDER_ATTACK,1.0,1.0,0.05540001438930631
990,node_001,162009100000000.0,331,0.9964366,0.9982183,UNDER_ATTACK,1.0,1.0,0.05979998968541622
991,node_002,152042230000000.0,331,0.9969965,0.99849826,UNDER_ATTACK,1.0,1.0,0.059699988923966885
992,node_003,116003930000000.0,331,0.99683446,0.9984172,UNDER_ATTACK,1.0,1.0,0.054899981478229165
993,node_001,162009100000000.0,332,0.9966537,0.99832684,UNDER_ATTACK,1.0,1.0,0.05959998816251755
994,node_002,152042260000000.0,332,0.9966612,0.9983306,UNDER_ATTACK,1.0,1.0,0.055899989092722535
995,node_003,116003930000000.0,332,0.9935215,0.9967608,UNDER_ATTACK,1.0,1.0,0.05840000812895596
996,node_001,162009100000000.0,333,0.996741,0.99837047,UNDER_ATTACK,1.0,1.0,0.05780000356025994
997,node_002,152042260000000.0,333,0.99667287,0.99833643,UNDER_ATTACK,1.0,1.0,0.22950000129640102
998,node_003,116003930000000.0,333,0.9964748,0.99823743,UNDER_ATTACK,1.0,1.0,0.1066999975591898
999,node_001,162009100000000.0,334,0.9969248,0.9984624,UNDER_ATTACK,1.0,1.0,0.06600000779144466
